image;category
image0000.jpg;1
image0001.jpg;2
image0002.jpg;4
image0003.jpg;2
image0004.jpg;3
image0005.jpg;4
image0006.jpg;7
image0007.jpg;7
image0008.jpg;7
image0009.jpg;7
image0010.jpg;2
image0011.jpg;5
image0012.jpg;7
image0013.jpg;7
image0014.jpg;4
image0015.jpg;5
image0016.jpg;6
image0017.jpg;1
image0018.jpg;7
image0019.jpg;7
image0020.jpg;3
image0021.jpg;3
image0022.jpg;1
image0023.jpg;6
image0024.jpg;2
image0025.jpg;6
image0026.jpg;1
image0027.jpg;2
image0028.jpg;2
image0029.jpg;7
image0030.jpg;7
image0031.jpg;2
image0032.jpg;6
image0033.jpg;3
image0034.jpg;7
image0035.jpg;1
image0036.jpg;1
image0037.jpg;7
image0038.jpg;6
image0039.jpg;3
image0040.jpg;5
image0041.jpg;7
image0042.jpg;7
image0043.jpg;7
image0044.jpg;2
image0045.jpg;6
image0046.jpg;6
image0047.jpg;7
image0048.jpg;3
image0049.jpg;7
image0050.jpg;2
image0051.jpg;7
image0052.jpg;1
image0053.jpg;7
image0054.jpg;3
image0055.jpg;3
image0056.jpg;1
image0057.jpg;6
image0058.jpg;7
image0059.jpg;7
image0060.jpg;7
image0061.jpg;7
image0062.jpg;7
image0063.jpg;3
image0064.jpg;7
image0065.jpg;6
image0066.jpg;6
image0067.jpg;3
image0068.jpg;2
image0069.jpg;3
image0070.jpg;1
image0071.jpg;5
image0072.jpg;7
image0073.jpg;7
image0074.jpg;7
image0075.jpg;3
image0076.jpg;7
image0077.jpg;3
image0078.jpg;1
image0079.jpg;2
image0080.jpg;3
image0081.jpg;1
image0082.jpg;3
image0083.jpg;5
image0084.jpg;7
image0085.jpg;3
image0086.jpg;6
image0087.jpg;7
image0088.jpg;6
image0089.jpg;4
image0090.jpg;2
image0091.jpg;7
image0092.jpg;3
image0093.jpg;6
image0094.jpg;7
image0095.jpg;3
image0096.jpg;7
image0097.jpg;5
image0098.jpg;3
image0099.jpg;7
image0100.jpg;7
image0101.jpg;7
image0102.jpg;6
image0103.jpg;4
image0104.jpg;6
image0105.jpg;7
image0106.jpg;3
image0107.jpg;2
image0108.jpg;2
image0109.jpg;1
image0110.jpg;7
image0111.jpg;6
image0112.jpg;7
image0113.jpg;7
image0114.jpg;2
image0115.jpg;1
image0116.jpg;6
image0117.jpg;6
image0118.jpg;2
image0119.jpg;7
image0120.jpg;7
image0121.jpg;7
image0122.jpg;3
image0123.jpg;6
image0124.jpg;5
image0125.jpg;6
image0126.jpg;2
image0127.jpg;5
image0128.jpg;7
image0129.jpg;1
image0130.jpg;1
image0131.jpg;7
image0132.jpg;7
image0133.jpg;2
image0134.jpg;5
image0135.jpg;6
image0136.jpg;7
image0137.jpg;3
image0138.jpg;3
image0139.jpg;7
image0140.jpg;2
image0141.jpg;6
image0142.jpg;6
image0143.jpg;1
image0144.jpg;6
image0145.jpg;7
image0146.jpg;7
image0147.jpg;5
image0148.jpg;3
image0149.jpg;6
image0150.jpg;2
image0151.jpg;6
image0152.jpg;2
image0153.jpg;3
image0154.jpg;6
image0155.jpg;7
image0156.jpg;2
image0157.jpg;4
image0158.jpg;7
image0159.jpg;6
image0160.jpg;7
image0161.jpg;2
image0162.jpg;7
image0163.jpg;1
image0164.jpg;2
image0165.jpg;2
image0166.jpg;2
image0167.jpg;7
image0168.jpg;7
image0169.jpg;7
image0170.jpg;3
image0171.jpg;1
image0172.jpg;7
image0173.jpg;3
image0174.jpg;3
image0175.jpg;7
image0176.jpg;1
image0177.jpg;6
image0178.jpg;6
image0179.jpg;5
image0180.jpg;5
image0181.jpg;3
image0182.jpg;3
image0183.jpg;2
image0184.jpg;6
image0185.jpg;6
image0186.jpg;7
image0187.jpg;6
image0188.jpg;3
image0189.jpg;3
image0190.jpg;7
image0191.jpg;7
image0192.jpg;3
image0193.jpg;6
image0194.jpg;1
image0195.jpg;1
image0196.jpg;5
image0197.jpg;6
image0198.jpg;2
image0199.jpg;3
image0200.jpg;3
image0201.jpg;7
image0202.jpg;3
image0203.jpg;7
image0204.jpg;5
image0205.jpg;1
image0206.jpg;7
image0207.jpg;1
image0208.jpg;2
image0209.jpg;1
image0210.jpg;5
image0211.jpg;7
image0212.jpg;4
image0213.jpg;2
image0214.jpg;3
image0215.jpg;7
image0216.jpg;3
image0217.jpg;6
image0218.jpg;7
image0219.jpg;7
image0220.jpg;5
image0221.jpg;3
image0222.jpg;7
image0223.jpg;5
image0224.jpg;6
image0225.jpg;6
image0226.jpg;1
image0227.jpg;6
image0228.jpg;3
image0229.jpg;3
image0230.jpg;1
image0231.jpg;6
image0232.jpg;2
image0233.jpg;5
image0234.jpg;5
image0235.jpg;5
image0236.jpg;3
image0237.jpg;3
image0238.jpg;3
image0239.jpg;7
image0240.jpg;3
image0241.jpg;6
image0242.jpg;6
image0243.jpg;7
image0244.jpg;2
image0245.jpg;2
image0246.jpg;5
image0247.jpg;3
image0248.jpg;2
image0249.jpg;7
image0250.jpg;1
image0251.jpg;4
image0252.jpg;3
image0253.jpg;3
image0254.jpg;2
image0255.jpg;1
image0256.jpg;3
image0257.jpg;7
image0258.jpg;3
image0259.jpg;6
image0260.jpg;3
image0261.jpg;3
image0262.jpg;5
image0263.jpg;3
image0264.jpg;2
image0265.jpg;2
image0266.jpg;3
image0267.jpg;2
image0268.jpg;6
image0269.jpg;4
image0270.jpg;6
image0271.jpg;6
image0272.jpg;3
image0273.jpg;3
image0274.jpg;7
image0275.jpg;3
image0276.jpg;5
image0277.jpg;3
image0278.jpg;7
image0279.jpg;1
image0280.jpg;3
image0281.jpg;4
image0282.jpg;4
image0283.jpg;3
image0284.jpg;2
image0285.jpg;4
image0286.jpg;3
image0287.jpg;3
image0288.jpg;3
image0289.jpg;5
image0290.jpg;3
image0291.jpg;3
image0292.jpg;3
image0293.jpg;7
image0294.jpg;2
image0295.jpg;2
image0296.jpg;7
image0297.jpg;4
image0298.jpg;7
image0299.jpg;4
image0300.jpg;3
image0301.jpg;4
image0302.jpg;7
image0303.jpg;7
image0304.jpg;7
image0305.jpg;1
image0306.jpg;1
image0307.jpg;7
image0308.jpg;7
image0309.jpg;1
image0310.jpg;5
image0311.jpg;6
image0312.jpg;6
image0313.jpg;3
image0314.jpg;1
image0315.jpg;3
image0316.jpg;2
image0317.jpg;1
image0318.jpg;4
image0319.jpg;7
image0320.jpg;3
image0321.jpg;3
image0322.jpg;6
image0323.jpg;4
image0324.jpg;3
image0325.jpg;3
image0326.jpg;3
image0327.jpg;2
image0328.jpg;7
image0329.jpg;6
image0330.jpg;3
image0331.jpg;4
image0332.jpg;7
image0333.jpg;5
image0334.jpg;2
image0335.jpg;5
image0336.jpg;3
image0337.jpg;7
image0338.jpg;3
image0339.jpg;7
image0340.jpg;4
image0341.jpg;7
image0342.jpg;3
image0343.jpg;3
image0344.jpg;7
image0345.jpg;4
image0346.jpg;6
image0347.jpg;7
image0348.jpg;2
image0349.jpg;1
image0350.jpg;3
image0351.jpg;3
image0352.jpg;4
image0353.jpg;5
image0354.jpg;5
image0355.jpg;7
image0356.jpg;3
image0357.jpg;2
image0358.jpg;7
image0359.jpg;6
image0360.jpg;3
image0361.jpg;5
image0362.jpg;7
image0363.jpg;6
image0364.jpg;3
image0365.jpg;2
image0366.jpg;7
image0367.jpg;1
image0368.jpg;7
image0369.jpg;1
image0370.jpg;3
image0371.jpg;7
image0372.jpg;5
image0373.jpg;6
image0374.jpg;3
image0375.jpg;1
image0376.jpg;3
image0377.jpg;1
image0378.jpg;3
image0379.jpg;6
image0380.jpg;3
image0381.jpg;7
image0382.jpg;3
image0383.jpg;4
image0384.jpg;7
image0385.jpg;3
image0386.jpg;2
image0387.jpg;3
image0388.jpg;5
image0389.jpg;1
image0390.jpg;6
image0391.jpg;7
image0392.jpg;6
image0393.jpg;1
image0394.jpg;6
image0395.jpg;2
image0396.jpg;7
image0397.jpg;7
image0398.jpg;3
image0399.jpg;7
image0400.jpg;2
image0401.jpg;7
image0402.jpg;2
image0403.jpg;3
image0404.jpg;6
image0405.jpg;3
image0406.jpg;7
image0407.jpg;6
image0408.jpg;3
image0409.jpg;3
image0410.jpg;7
image0411.jpg;4
image0412.jpg;7
image0413.jpg;4
image0414.jpg;3
image0415.jpg;7
image0416.jpg;7
image0417.jpg;6
image0418.jpg;3
image0419.jpg;2
image0420.jpg;6
image0421.jpg;2
image0422.jpg;1
image0423.jpg;3
image0424.jpg;3
image0425.jpg;7
image0426.jpg;6
image0427.jpg;6
image0428.jpg;7
image0429.jpg;7
image0430.jpg;3
image0431.jpg;5
image0432.jpg;3
image0433.jpg;4
image0434.jpg;4
image0435.jpg;7
image0436.jpg;7
image0437.jpg;7
image0438.jpg;2
image0439.jpg;6
image0440.jpg;3
image0441.jpg;3
image0442.jpg;6
image0443.jpg;6
image0444.jpg;7
image0445.jpg;2
image0446.jpg;6
image0447.jpg;6
image0448.jpg;3
image0449.jpg;7
image0450.jpg;2
image0451.jpg;3
image0452.jpg;3
image0453.jpg;4
image0454.jpg;4
image0455.jpg;2
image0456.jpg;5
image0457.jpg;6
image0458.jpg;7
image0459.jpg;7
image0460.jpg;1
image0461.jpg;5
image0462.jpg;4
image0463.jpg;6
image0464.jpg;6
image0465.jpg;5
image0466.jpg;4
image0467.jpg;6
image0468.jpg;2
image0469.jpg;7
image0470.jpg;7
image0471.jpg;2
image0472.jpg;2
image0473.jpg;4
image0474.jpg;6
image0475.jpg;2
image0476.jpg;7
image0477.jpg;3
image0478.jpg;1
image0479.jpg;7
image0480.jpg;6
image0481.jpg;6
image0482.jpg;2
image0483.jpg;7
image0484.jpg;1
image0485.jpg;3
image0486.jpg;6
image0487.jpg;4
image0488.jpg;2
image0489.jpg;7
image0490.jpg;3
image0491.jpg;6
image0492.jpg;4
image0493.jpg;7
image0494.jpg;4
image0495.jpg;1
image0496.jpg;7
image0497.jpg;2
image0498.jpg;3
image0499.jpg;4
image0500.jpg;6
image0501.jpg;3
image0502.jpg;7
image0503.jpg;3
image0504.jpg;7
image0505.jpg;7
image0506.jpg;7
image0507.jpg;3
image0508.jpg;6
image0509.jpg;5
image0510.jpg;7
image0511.jpg;6
image0512.jpg;3
image0513.jpg;3
image0514.jpg;7
image0515.jpg;3
image0516.jpg;1
image0517.jpg;3
image0518.jpg;3
image0519.jpg;3
image0520.jpg;4
image0521.jpg;3
image0522.jpg;2
image0523.jpg;6
image0524.jpg;7
image0525.jpg;3
image0526.jpg;4
image0527.jpg;2
image0528.jpg;4
image0529.jpg;7
image0530.jpg;1
image0531.jpg;5
image0532.jpg;7
image0533.jpg;5
image0534.jpg;1
image0535.jpg;3
image0536.jpg;5
image0537.jpg;7
image0538.jpg;2
image0539.jpg;7
image0540.jpg;7
image0541.jpg;7
image0542.jpg;6
image0543.jpg;3
image0544.jpg;1
image0545.jpg;3
image0546.jpg;5
image0547.jpg;1
image0548.jpg;6
image0549.jpg;2
image0550.jpg;5
image0551.jpg;3
image0552.jpg;3
image0553.jpg;1
image0554.jpg;7
image0555.jpg;4
image0556.jpg;7
image0557.jpg;6
image0558.jpg;7
image0559.jpg;7
image0560.jpg;5
image0561.jpg;3
image0562.jpg;3
image0563.jpg;3
image0564.jpg;1
image0565.jpg;2
image0566.jpg;5
image0567.jpg;3
image0568.jpg;7
image0569.jpg;1
image0570.jpg;7
image0571.jpg;1
image0572.jpg;5
image0573.jpg;2
image0574.jpg;1
image0575.jpg;3
image0576.jpg;4
image0577.jpg;4
image0578.jpg;3
image0579.jpg;1
image0580.jpg;5
image0581.jpg;5
image0582.jpg;3
image0583.jpg;7
image0584.jpg;2
image0585.jpg;1
image0586.jpg;3
image0587.jpg;7
image0588.jpg;4
image0589.jpg;1
image0590.jpg;5
image0591.jpg;3
image0592.jpg;1
image0593.jpg;7
image0594.jpg;2
image0595.jpg;3
image0596.jpg;2
image0597.jpg;2
image0598.jpg;3
image0599.jpg;7
image0600.jpg;4
image0601.jpg;1
image0602.jpg;1
image0603.jpg;3
image0604.jpg;7
image0605.jpg;3
image0606.jpg;3
image0607.jpg;5
image0608.jpg;1
image0609.jpg;5
image0610.jpg;6
image0611.jpg;7
image0612.jpg;7
image0613.jpg;3
image0614.jpg;7
image0615.jpg;2
image0616.jpg;1
image0617.jpg;7
image0618.jpg;2
image0619.jpg;7
image0620.jpg;4
image0621.jpg;7
image0622.jpg;2
image0623.jpg;3
image0624.jpg;1
image0625.jpg;6
image0626.jpg;3
image0627.jpg;6
image0628.jpg;2
image0629.jpg;6
image0630.jpg;7
image0631.jpg;1
image0632.jpg;3
image0633.jpg;3
image0634.jpg;4
image0635.jpg;2
image0636.jpg;3
image0637.jpg;4
image0638.jpg;5
image0639.jpg;2
image0640.jpg;4
image0641.jpg;3
image0642.jpg;4
image0643.jpg;3
image0644.jpg;5
image0645.jpg;3
image0646.jpg;2
image0647.jpg;2
image0648.jpg;7
image0649.jpg;7
image0650.jpg;7
image0651.jpg;3
image0652.jpg;3
image0653.jpg;2
image0654.jpg;2
image0655.jpg;2
image0656.jpg;3
image0657.jpg;6
image0658.jpg;3
image0659.jpg;6
image0660.jpg;2
image0661.jpg;3
image0662.jpg;6
image0663.jpg;4
image0664.jpg;2
image0665.jpg;7
image0666.jpg;2
image0667.jpg;7
image0668.jpg;4
image0669.jpg;3
image0670.jpg;7
image0671.jpg;4
image0672.jpg;3
image0673.jpg;2
image0674.jpg;1
image0675.jpg;4
image0676.jpg;7
image0677.jpg;3
image0678.jpg;7
image0679.jpg;7
image0680.jpg;1
image0681.jpg;3
image0682.jpg;7
image0683.jpg;4
image0684.jpg;7
image0685.jpg;4
image0686.jpg;2
image0687.jpg;7
image0688.jpg;6
image0689.jpg;6
image0690.jpg;2
image0691.jpg;1
image0692.jpg;5
image0693.jpg;6
image0694.jpg;1
image0695.jpg;7
image0696.jpg;3
image0697.jpg;7
image0698.jpg;1
image0699.jpg;2
image0700.jpg;7
image0701.jpg;3
image0702.jpg;4
image0703.jpg;7
image0704.jpg;4
image0705.jpg;1
image0706.jpg;2
image0707.jpg;6
image0708.jpg;3
image0709.jpg;1
image0710.jpg;3
image0711.jpg;2
image0712.jpg;1
image0713.jpg;4
image0714.jpg;3
image0715.jpg;6
image0716.jpg;5
image0717.jpg;1
image0718.jpg;4
image0719.jpg;7
image0720.jpg;4
image0721.jpg;7
image0722.jpg;6
image0723.jpg;3
image0724.jpg;7
image0725.jpg;5
image0726.jpg;3
image0727.jpg;7
image0728.jpg;7
image0729.jpg;2
image0730.jpg;7
image0731.jpg;4
image0732.jpg;2
image0733.jpg;3
image0734.jpg;6
image0735.jpg;2
image0736.jpg;6
image0737.jpg;1
image0738.jpg;6
image0739.jpg;1
image0740.jpg;3
image0741.jpg;2
image0742.jpg;2
image0743.jpg;2
image0744.jpg;3
image0745.jpg;3
image0746.jpg;4
image0747.jpg;7
image0748.jpg;3
image0749.jpg;3
image0750.jpg;5
image0751.jpg;7
image0752.jpg;3
image0753.jpg;1
image0754.jpg;7
image0755.jpg;2
image0756.jpg;3
image0757.jpg;3
image0758.jpg;3
image0759.jpg;5
image0760.jpg;7
image0761.jpg;3
image0762.jpg;6
image0763.jpg;4
image0764.jpg;3
image0765.jpg;7
image0766.jpg;7
image0767.jpg;3
image0768.jpg;4
image0769.jpg;7
image0770.jpg;3
image0771.jpg;4
image0772.jpg;1
image0773.jpg;6
image0774.jpg;7
image0775.jpg;7
image0776.jpg;3
image0777.jpg;4
image0778.jpg;3
image0779.jpg;3
image0780.jpg;5
image0781.jpg;4
image0782.jpg;1
image0783.jpg;3
image0784.jpg;7
image0785.jpg;7
image0786.jpg;3
image0787.jpg;3
image0788.jpg;6
image0789.jpg;7
image0790.jpg;2
image0791.jpg;7
image0792.jpg;5
image0793.jpg;7
image0794.jpg;3
image0795.jpg;2
image0796.jpg;3
image0797.jpg;3
image0798.jpg;6
image0799.jpg;4
image0800.jpg;7
image0801.jpg;1
image0802.jpg;3
image0803.jpg;1
image0804.jpg;4
image0805.jpg;3
image0806.jpg;3
image0807.jpg;2
image0808.jpg;2
image0809.jpg;2
image0810.jpg;2
image0811.jpg;7
image0812.jpg;6
image0813.jpg;4
image0814.jpg;6
image0815.jpg;1
image0816.jpg;2
image0817.jpg;2
image0818.jpg;5
image0819.jpg;5
image0820.jpg;7
image0821.jpg;5
image0822.jpg;5
image0823.jpg;5
image0824.jpg;7
image0825.jpg;7
image0826.jpg;3
image0827.jpg;1
image0828.jpg;3
image0829.jpg;2
image0830.jpg;4
image0831.jpg;4
image0832.jpg;7
image0833.jpg;2
image0834.jpg;7
image0835.jpg;3
image0836.jpg;3
image0837.jpg;7
image0838.jpg;3
image0839.jpg;3
image0840.jpg;3
image0841.jpg;3
image0842.jpg;6
image0843.jpg;7
image0844.jpg;6
image0845.jpg;4
image0846.jpg;2
image0847.jpg;5
image0848.jpg;4
image0849.jpg;6
image0850.jpg;7
image0851.jpg;3
image0852.jpg;5
image0853.jpg;3
image0854.jpg;3
image0855.jpg;3
image0856.jpg;3
image0857.jpg;7
image0858.jpg;3
image0859.jpg;7
image0860.jpg;2
image0861.jpg;7
image0862.jpg;7
image0863.jpg;7
image0864.jpg;3
image0865.jpg;7
image0866.jpg;3
image0867.jpg;7
image0868.jpg;4
image0869.jpg;4
image0870.jpg;7
image0871.jpg;6
image0872.jpg;1
image0873.jpg;3
image0874.jpg;3
image0875.jpg;5
image0876.jpg;3
image0877.jpg;3
image0878.jpg;4
image0879.jpg;2
image0880.jpg;7
image0881.jpg;1
image0882.jpg;2
image0883.jpg;3
image0884.jpg;3
image0885.jpg;1
image0886.jpg;7
image0887.jpg;3
image0888.jpg;7
image0889.jpg;6
image0890.jpg;3
image0891.jpg;3
image0892.jpg;3
image0893.jpg;2
image0894.jpg;2
image0895.jpg;3
image0896.jpg;3
image0897.jpg;3
image0898.jpg;1
image0899.jpg;3
image0900.jpg;7
image0901.jpg;2
image0902.jpg;7
image0903.jpg;3
image0904.jpg;4
image0905.jpg;2
image0906.jpg;7
image0907.jpg;6
image0908.jpg;5
image0909.jpg;5
image0910.jpg;7
image0911.jpg;7
image0912.jpg;1
image0913.jpg;1
image0914.jpg;1
image0915.jpg;4
image0916.jpg;3
image0917.jpg;1
image0918.jpg;6
image0919.jpg;3
image0920.jpg;7
image0921.jpg;7
image0922.jpg;3
image0923.jpg;7
image0924.jpg;3
image0925.jpg;7
image0926.jpg;4
image0927.jpg;5
image0928.jpg;5
image0929.jpg;6
image0930.jpg;2
image0931.jpg;7
image0932.jpg;6
image0933.jpg;3
image0934.jpg;7
image0935.jpg;1
image0936.jpg;1
image0937.jpg;3
image0938.jpg;2
image0939.jpg;6
image0940.jpg;7
image0941.jpg;6
image0942.jpg;7
image0943.jpg;3
image0944.jpg;3
image0945.jpg;6
image0946.jpg;4
image0947.jpg;3
image0948.jpg;7
image0949.jpg;7
image0950.jpg;5
image0951.jpg;3
image0952.jpg;2
image0953.jpg;6
image0954.jpg;7
image0955.jpg;3
image0956.jpg;5
image0957.jpg;3
image0958.jpg;6
image0959.jpg;3
image0960.jpg;7
image0961.jpg;3
image0962.jpg;4
image0963.jpg;3
image0964.jpg;7
image0965.jpg;7
image0966.jpg;3
image0967.jpg;2
image0968.jpg;7
image0969.jpg;5
image0970.jpg;3
image0971.jpg;6
image0972.jpg;2
image0973.jpg;7
image0974.jpg;5
image0975.jpg;6
image0976.jpg;4
image0977.jpg;6
image0978.jpg;7
image0979.jpg;3
image0980.jpg;7
image0981.jpg;3
image0982.jpg;4
image0983.jpg;2
image0984.jpg;2
image0985.jpg;1
image0986.jpg;3
image0987.jpg;6
image0988.jpg;7
image0989.jpg;3
image0990.jpg;5
image0991.jpg;6
image0992.jpg;5
image0993.jpg;2
image0994.jpg;4
image0995.jpg;2
image0996.jpg;3
image0997.jpg;3
image0998.jpg;7
image0999.jpg;7
image1000.jpg;3
image1001.jpg;3
image1002.jpg;3
image1003.jpg;7
image1004.jpg;6
image1005.jpg;3
image1006.jpg;3
image1007.jpg;7
image1008.jpg;5
image1009.jpg;7
image1010.jpg;3
image1011.jpg;2
image1012.jpg;6
image1013.jpg;5
image1014.jpg;7
image1015.jpg;2
image1016.jpg;1
image1017.jpg;7
image1018.jpg;7
image1019.jpg;6
image1020.jpg;5
image1021.jpg;3
image1022.jpg;2
image1023.jpg;6
image1024.jpg;6
image1025.jpg;3
image1026.jpg;3
image1027.jpg;5
image1028.jpg;2
image1029.jpg;6
image1030.jpg;1
image1031.jpg;2
image1032.jpg;5
image1033.jpg;6
image1034.jpg;6
image1035.jpg;2
image1036.jpg;7
image1037.jpg;3
image1038.jpg;7
image1039.jpg;3
image1040.jpg;1
image1041.jpg;3
image1042.jpg;7
image1043.jpg;5
image1044.jpg;5
image1045.jpg;6
image1046.jpg;2
image1047.jpg;3
image1048.jpg;3
image1049.jpg;3
image1050.jpg;2
image1051.jpg;2
image1052.jpg;4
image1053.jpg;3
image1054.jpg;4
image1055.jpg;7
image1056.jpg;1
image1057.jpg;3
image1058.jpg;1
image1059.jpg;7
image1060.jpg;5
image1061.jpg;6
image1062.jpg;6
image1063.jpg;4
image1064.jpg;7
image1065.jpg;7
image1066.jpg;3
image1067.jpg;3
image1068.jpg;6
image1069.jpg;5
image1070.jpg;1
image1071.jpg;5
image1072.jpg;5
image1073.jpg;3
image1074.jpg;2
image1075.jpg;3
image1076.jpg;4
image1077.jpg;2
image1078.jpg;1
image1079.jpg;1
image1080.jpg;2
image1081.jpg;7
image1082.jpg;7
image1083.jpg;3
image1084.jpg;2
image1085.jpg;3
image1086.jpg;1
image1087.jpg;2
image1088.jpg;1
image1089.jpg;7
image1090.jpg;3
image1091.jpg;4
image1092.jpg;3
image1093.jpg;3
image1094.jpg;6
image1095.jpg;7
image1096.jpg;6
image1097.jpg;3
image1098.jpg;4
image1099.jpg;7
image1100.jpg;3
image1101.jpg;3
image1102.jpg;6
image1103.jpg;3
image1104.jpg;5
image1105.jpg;7
image1106.jpg;4
image1107.jpg;5
image1108.jpg;1
image1109.jpg;2
image1110.jpg;3
image1111.jpg;5
image1112.jpg;3
image1113.jpg;6
image1114.jpg;2
image1115.jpg;3
image1116.jpg;3
image1117.jpg;2
image1118.jpg;1
image1119.jpg;3
image1120.jpg;7
image1121.jpg;3
image1122.jpg;2
image1123.jpg;1
image1124.jpg;4
image1125.jpg;7
image1126.jpg;5
image1127.jpg;7
image1128.jpg;7
image1129.jpg;2
image1130.jpg;2
image1131.jpg;3
image1132.jpg;4
image1133.jpg;4
image1134.jpg;5
image1135.jpg;6
image1136.jpg;7
image1137.jpg;3
image1138.jpg;3
image1139.jpg;6
image1140.jpg;4
image1141.jpg;4
image1142.jpg;2
image1143.jpg;5
image1144.jpg;3
image1145.jpg;7
image1146.jpg;2
image1147.jpg;4
image1148.jpg;2
image1149.jpg;4
image1150.jpg;3
image1151.jpg;3
image1152.jpg;3
image1153.jpg;3
image1154.jpg;4
image1155.jpg;3
image1156.jpg;5
image1157.jpg;3
image1158.jpg;3
image1159.jpg;5
image1160.jpg;5
image1161.jpg;5
image1162.jpg;4
image1163.jpg;5
image1164.jpg;2
image1165.jpg;5
image1166.jpg;4
image1167.jpg;5
image1168.jpg;3
image1169.jpg;7
image1170.jpg;3
image1171.jpg;3
image1172.jpg;3
image1173.jpg;3
image1174.jpg;2
image1175.jpg;3
image1176.jpg;3
image1177.jpg;7
image1178.jpg;5
image1179.jpg;5
image1180.jpg;4
image1181.jpg;4
image1182.jpg;3
image1183.jpg;3
image1184.jpg;5
image1185.jpg;3
image1186.jpg;5
image1187.jpg;5
image1188.jpg;1
image1189.jpg;5
image1190.jpg;3
image1191.jpg;4
image1192.jpg;4
image1193.jpg;6
image1194.jpg;5
image1195.jpg;2
image1196.jpg;3
image1197.jpg;3
image1198.jpg;5
image1199.jpg;7
image1200.jpg;4
image1201.jpg;3
image1202.jpg;1
image1203.jpg;3
image1204.jpg;5
image1205.jpg;2
image1206.jpg;5
image1207.jpg;7
image1208.jpg;4
image1209.jpg;6
image1210.jpg;3
image1211.jpg;5
image1212.jpg;4
image1213.jpg;2
image1214.jpg;3
image1215.jpg;5
image1216.jpg;7
image1217.jpg;3
image1218.jpg;3
image1219.jpg;5
image1220.jpg;7
image1221.jpg;3
image1222.jpg;3
image1223.jpg;7
image1224.jpg;2
image1225.jpg;3
image1226.jpg;2
image1227.jpg;2
image1228.jpg;7
image1229.jpg;6
image1230.jpg;3
image1231.jpg;6
image1232.jpg;1
image1233.jpg;3
image1234.jpg;4
image1235.jpg;4
image1236.jpg;2
image1237.jpg;4
image1238.jpg;3
image1239.jpg;3
image1240.jpg;7
image1241.jpg;1
image1242.jpg;3
image1243.jpg;7
image1244.jpg;4
image1245.jpg;3
image1246.jpg;4
image1247.jpg;4
image1248.jpg;2
image1249.jpg;2
image1250.jpg;2
image1251.jpg;7
image1252.jpg;4
image1253.jpg;1
image1254.jpg;1
image1255.jpg;2
image1256.jpg;1
image1257.jpg;2
image1258.jpg;3
image1259.jpg;3
image1260.jpg;4
image1261.jpg;1
image1262.jpg;7
image1263.jpg;7
image1264.jpg;3
image1265.jpg;7
image1266.jpg;4
image1267.jpg;3
image1268.jpg;7
image1269.jpg;3
image1270.jpg;5
image1271.jpg;3
image1272.jpg;3
image1273.jpg;3
image1274.jpg;3
image1275.jpg;3
image1276.jpg;5
image1277.jpg;2
image1278.jpg;3
image1279.jpg;3
image1280.jpg;1
image1281.jpg;2
image1282.jpg;7
image1283.jpg;2
image1284.jpg;6
image1285.jpg;6
image1286.jpg;2
image1287.jpg;4
image1288.jpg;3
image1289.jpg;6
image1290.jpg;1
image1291.jpg;2
image1292.jpg;3
image1293.jpg;3
image1294.jpg;6
image1295.jpg;4
image1296.jpg;3
image1297.jpg;2
image1298.jpg;3
image1299.jpg;7
image1300.jpg;3
image1301.jpg;2
image1302.jpg;3
image1303.jpg;7
image1304.jpg;3
image1305.jpg;6
image1306.jpg;2
image1307.jpg;6
image1308.jpg;2
image1309.jpg;5
image1310.jpg;3
image1311.jpg;3
image1312.jpg;4
image1313.jpg;3
image1314.jpg;1
image1315.jpg;3
image1316.jpg;7
image1317.jpg;5
image1318.jpg;4
image1319.jpg;7
image1320.jpg;3
image1321.jpg;3
image1322.jpg;7
image1323.jpg;3
image1324.jpg;1
image1325.jpg;1
image1326.jpg;1
image1327.jpg;7
image1328.jpg;5
image1329.jpg;5
image1330.jpg;3
image1331.jpg;2
image1332.jpg;2
image1333.jpg;2
image1334.jpg;3
image1335.jpg;1
image1336.jpg;3
image1337.jpg;4
image1338.jpg;3
image1339.jpg;6
image1340.jpg;5
image1341.jpg;2
image1342.jpg;2
image1343.jpg;2
image1344.jpg;3
image1345.jpg;7
image1346.jpg;3
image1347.jpg;2
image1348.jpg;3
image1349.jpg;3
image1350.jpg;7
image1351.jpg;5
image1352.jpg;3
image1353.jpg;3
image1354.jpg;3
image1355.jpg;1
image1356.jpg;7
image1357.jpg;3
image1358.jpg;3
image1359.jpg;3
image1360.jpg;7
image1361.jpg;3
image1362.jpg;7
image1363.jpg;4
image1364.jpg;7
image1365.jpg;1
image1366.jpg;2
image1367.jpg;2
image1368.jpg;2
image1369.jpg;3
image1370.jpg;3
image1371.jpg;3
image1372.jpg;3
image1373.jpg;1
image1374.jpg;7
image1375.jpg;5
image1376.jpg;3
image1377.jpg;3
image1378.jpg;1
image1379.jpg;4
image1380.jpg;5
image1381.jpg;3
image1382.jpg;5
image1383.jpg;7
image1384.jpg;3
image1385.jpg;5
image1386.jpg;5
image1387.jpg;1
image1388.jpg;3
image1389.jpg;2
image1390.jpg;7
image1391.jpg;3
image1392.jpg;6
image1393.jpg;7
image1394.jpg;5
image1395.jpg;1
image1396.jpg;5
image1397.jpg;4
image1398.jpg;2
image1399.jpg;3
image1400.jpg;5
image1401.jpg;6
image1402.jpg;1
image1403.jpg;3
image1404.jpg;2
image1405.jpg;3
image1406.jpg;5
image1407.jpg;4
image1408.jpg;1
image1409.jpg;2
image1410.jpg;4
image1411.jpg;5
image1412.jpg;3
image1413.jpg;7
image1414.jpg;2
image1415.jpg;3
image1416.jpg;3
image1417.jpg;6
image1418.jpg;3
image1419.jpg;4
image1420.jpg;7
image1421.jpg;3
image1422.jpg;3
image1423.jpg;3
image1424.jpg;3
image1425.jpg;2
image1426.jpg;6
image1427.jpg;5
image1428.jpg;3
image1429.jpg;5
image1430.jpg;7
image1431.jpg;4
image1432.jpg;1
image1433.jpg;2
image1434.jpg;3
image1435.jpg;5
image1436.jpg;1
image1437.jpg;7
image1438.jpg;3
image1439.jpg;3
image1440.jpg;7
image1441.jpg;7
image1442.jpg;7
image1443.jpg;4
image1444.jpg;4
image1445.jpg;2
image1446.jpg;4
image1447.jpg;3
image1448.jpg;4
image1449.jpg;2
image1450.jpg;7
image1451.jpg;6
image1452.jpg;3
image1453.jpg;2
image1454.jpg;7
image1455.jpg;3
image1456.jpg;1
image1457.jpg;1
image1458.jpg;7
image1459.jpg;2
image1460.jpg;4
image1461.jpg;2
image1462.jpg;5
image1463.jpg;6
image1464.jpg;2
image1465.jpg;6
image1466.jpg;4
image1467.jpg;6
image1468.jpg;3
image1469.jpg;3
image1470.jpg;2
image1471.jpg;4
image1472.jpg;3
image1473.jpg;5
image1474.jpg;2
image1475.jpg;5
image1476.jpg;6
image1477.jpg;3
image1478.jpg;5
image1479.jpg;6
image1480.jpg;4
image1481.jpg;7
image1482.jpg;5
image1483.jpg;2
image1484.jpg;7
image1485.jpg;1
image1486.jpg;7
image1487.jpg;4
image1488.jpg;3
image1489.jpg;7
image1490.jpg;3
image1491.jpg;4
image1492.jpg;2
image1493.jpg;7
image1494.jpg;5
image1495.jpg;7
image1496.jpg;2
image1497.jpg;5
image1498.jpg;3
image1499.jpg;4
image1500.jpg;4
image1501.jpg;3
image1502.jpg;7
image1503.jpg;5
image1504.jpg;1
image1505.jpg;4
image1506.jpg;3
image1507.jpg;7
image1508.jpg;6
image1509.jpg;4
image1510.jpg;4
image1511.jpg;2
image1512.jpg;3
image1513.jpg;4
image1514.jpg;1
image1515.jpg;3
image1516.jpg;3
image1517.jpg;6
image1518.jpg;3
image1519.jpg;7
image1520.jpg;4
image1521.jpg;2
image1522.jpg;6
image1523.jpg;7
image1524.jpg;3
image1525.jpg;5
image1526.jpg;2
image1527.jpg;4
image1528.jpg;1
image1529.jpg;1
image1530.jpg;3
image1531.jpg;4
image1532.jpg;3
image1533.jpg;3
image1534.jpg;1
image1535.jpg;3
image1536.jpg;4
image1537.jpg;3
image1538.jpg;1
image1539.jpg;2
image1540.jpg;7
image1541.jpg;1
image1542.jpg;1
image1543.jpg;3
image1544.jpg;5
image1545.jpg;3
image1546.jpg;4
image1547.jpg;1
image1548.jpg;7
image1549.jpg;7
image1550.jpg;3
image1551.jpg;5
image1552.jpg;7
image1553.jpg;7
image1554.jpg;3
image1555.jpg;5
image1556.jpg;3
image1557.jpg;3
image1558.jpg;7
image1559.jpg;2
image1560.jpg;3
image1561.jpg;1
image1562.jpg;6
image1563.jpg;3
image1564.jpg;3
image1565.jpg;5
image1566.jpg;1
image1567.jpg;3
image1568.jpg;6
image1569.jpg;3
image1570.jpg;4
image1571.jpg;5
image1572.jpg;5
image1573.jpg;1
image1574.jpg;5
image1575.jpg;2
image1576.jpg;3
image1577.jpg;3
image1578.jpg;6
image1579.jpg;3
image1580.jpg;4
image1581.jpg;7
image1582.jpg;5
image1583.jpg;2
image1584.jpg;1
image1585.jpg;6
image1586.jpg;3
image1587.jpg;4
image1588.jpg;5
image1589.jpg;5
image1590.jpg;3
image1591.jpg;5
image1592.jpg;7
image1593.jpg;3
image1594.jpg;3
image1595.jpg;5
image1596.jpg;4
image1597.jpg;1
image1598.jpg;5
image1599.jpg;7
image1600.jpg;1
image1601.jpg;1
image1602.jpg;6
image1603.jpg;3
image1604.jpg;4
image1605.jpg;4
image1606.jpg;3
image1607.jpg;4
image1608.jpg;2
image1609.jpg;6
image1610.jpg;3
image1611.jpg;3
image1612.jpg;2
image1613.jpg;3
image1614.jpg;3
image1615.jpg;5
image1616.jpg;3
image1617.jpg;2
image1618.jpg;4
image1619.jpg;3
image1620.jpg;6
image1621.jpg;7
image1622.jpg;4
image1623.jpg;5
image1624.jpg;3
image1625.jpg;5
image1626.jpg;7
image1627.jpg;2
image1628.jpg;4
image1629.jpg;3
image1630.jpg;5
image1631.jpg;4
image1632.jpg;3
image1633.jpg;5
image1634.jpg;5
image1635.jpg;6
image1636.jpg;2
image1637.jpg;4
image1638.jpg;3
image1639.jpg;4
image1640.jpg;5
image1641.jpg;3
image1642.jpg;4
image1643.jpg;6
image1644.jpg;7
image1645.jpg;3
image1646.jpg;5
image1647.jpg;3
image1648.jpg;3
image1649.jpg;7
image1650.jpg;2
image1651.jpg;2
image1652.jpg;3
image1653.jpg;5
image1654.jpg;5
image1655.jpg;1
image1656.jpg;3
image1657.jpg;3
image1658.jpg;3
image1659.jpg;3
image1660.jpg;7
image1661.jpg;7
image1662.jpg;3
image1663.jpg;3
image1664.jpg;4
image1665.jpg;7
image1666.jpg;5
image1667.jpg;5
image1668.jpg;2
image1669.jpg;3
image1670.jpg;2
image1671.jpg;1
image1672.jpg;7
image1673.jpg;6
image1674.jpg;3
image1675.jpg;1
image1676.jpg;3
image1677.jpg;3
image1678.jpg;6
image1679.jpg;3
image1680.jpg;7
image1681.jpg;3
image1682.jpg;7
image1683.jpg;6
image1684.jpg;2
image1685.jpg;7
image1686.jpg;6
image1687.jpg;2
image1688.jpg;2
image1689.jpg;3
image1690.jpg;2
image1691.jpg;7
image1692.jpg;7
image1693.jpg;7
image1694.jpg;3
image1695.jpg;3
image1696.jpg;3
image1697.jpg;3
image1698.jpg;2
image1699.jpg;6
image1700.jpg;3
image1701.jpg;7
image1702.jpg;6
image1703.jpg;1
image1704.jpg;4
image1705.jpg;4
image1706.jpg;1
image1707.jpg;6
image1708.jpg;7
image1709.jpg;6
image1710.jpg;1
image1711.jpg;1
image1712.jpg;3
image1713.jpg;3
image1714.jpg;1
image1715.jpg;4
image1716.jpg;3
image1717.jpg;3
image1718.jpg;1
image1719.jpg;6
image1720.jpg;1
image1721.jpg;6
image1722.jpg;6
image1723.jpg;2
image1724.jpg;3
image1725.jpg;1
image1726.jpg;7
image1727.jpg;2
image1728.jpg;7
image1729.jpg;3
image1730.jpg;3
image1731.jpg;3
image1732.jpg;7
image1733.jpg;7
image1734.jpg;2
image1735.jpg;7
image1736.jpg;3
image1737.jpg;7
image1738.jpg;5
image1739.jpg;3
image1740.jpg;3
image1741.jpg;4
image1742.jpg;7
image1743.jpg;3
image1744.jpg;3
image1745.jpg;1
image1746.jpg;7
image1747.jpg;1
image1748.jpg;5
image1749.jpg;4
image1750.jpg;2
image1751.jpg;3
image1752.jpg;7
image1753.jpg;6
image1754.jpg;3
image1755.jpg;7
image1756.jpg;4
image1757.jpg;2
image1758.jpg;5
image1759.jpg;1
image1760.jpg;3
image1761.jpg;7
image1762.jpg;3
image1763.jpg;3
image1764.jpg;7
image1765.jpg;3
image1766.jpg;7
image1767.jpg;4
image1768.jpg;1
image1769.jpg;3
image1770.jpg;3
image1771.jpg;1
image1772.jpg;6
image1773.jpg;1
image1774.jpg;7
image1775.jpg;1
image1776.jpg;3
image1777.jpg;5
image1778.jpg;1
image1779.jpg;5
image1780.jpg;2
image1781.jpg;3
image1782.jpg;1
image1783.jpg;7
image1784.jpg;7
image1785.jpg;1
image1786.jpg;5
image1787.jpg;4
image1788.jpg;7
image1789.jpg;6
image1790.jpg;7
image1791.jpg;6
image1792.jpg;3
image1793.jpg;7
image1794.jpg;6
image1795.jpg;6
image1796.jpg;4
image1797.jpg;7
image1798.jpg;5
image1799.jpg;2
image1800.jpg;2
image1801.jpg;5
image1802.jpg;1
image1803.jpg;6
image1804.jpg;3
image1805.jpg;7
image1806.jpg;6
image1807.jpg;7
image1808.jpg;4
image1809.jpg;5
image1810.jpg;4
image1811.jpg;1
image1812.jpg;4
image1813.jpg;7
image1814.jpg;6
image1815.jpg;6
image1816.jpg;3
image1817.jpg;2
image1818.jpg;4
image1819.jpg;2
image1820.jpg;7
image1821.jpg;2
image1822.jpg;7
image1823.jpg;2
image1824.jpg;6
image1825.jpg;4
image1826.jpg;3
image1827.jpg;1
image1828.jpg;3
image1829.jpg;7
image1830.jpg;1
image1831.jpg;5
image1832.jpg;7
image1833.jpg;4
image1834.jpg;7
image1835.jpg;7
image1836.jpg;7
image1837.jpg;7
image1838.jpg;5
image1839.jpg;3
image1840.jpg;7
image1841.jpg;1
image1842.jpg;3
image1843.jpg;1
image1844.jpg;3
image1845.jpg;7
image1846.jpg;6
image1847.jpg;3
image1848.jpg;1
image1849.jpg;5
image1850.jpg;3
image1851.jpg;7
image1852.jpg;3
image1853.jpg;3
image1854.jpg;1
image1855.jpg;3
image1856.jpg;3
image1857.jpg;7
image1858.jpg;2
image1859.jpg;3
image1860.jpg;2
image1861.jpg;2
image1862.jpg;4
image1863.jpg;3
image1864.jpg;7
image1865.jpg;7
image1866.jpg;1
image1867.jpg;7
image1868.jpg;2
image1869.jpg;2
image1870.jpg;6
image1871.jpg;6
image1872.jpg;3
image1873.jpg;2
image1874.jpg;2
image1875.jpg;3
image1876.jpg;6
image1877.jpg;2
image1878.jpg;7
image1879.jpg;2
image1880.jpg;3
image1881.jpg;7
image1882.jpg;6
image1883.jpg;7
image1884.jpg;2
image1885.jpg;3
image1886.jpg;5
image1887.jpg;1
image1888.jpg;6
image1889.jpg;3
image1890.jpg;6
image1891.jpg;3
image1892.jpg;7
image1893.jpg;1
image1894.jpg;7
image1895.jpg;4
image1896.jpg;7
image1897.jpg;3
image1898.jpg;2
image1899.jpg;5
image1900.jpg;7
image1901.jpg;2
image1902.jpg;2
image1903.jpg;6
image1904.jpg;4
image1905.jpg;1
image1906.jpg;7
image1907.jpg;3
image1908.jpg;3
image1909.jpg;2
image1910.jpg;3
image1911.jpg;2
image1912.jpg;7
image1913.jpg;7
image1914.jpg;6
image1915.jpg;7
image1916.jpg;5
image1917.jpg;1
image1918.jpg;3
image1919.jpg;3
image1920.jpg;4
image1921.jpg;3
image1922.jpg;4
image1923.jpg;3
image1924.jpg;3
image1925.jpg;5
image1926.jpg;2
image1927.jpg;7
image1928.jpg;2
image1929.jpg;3
image1930.jpg;1
image1931.jpg;2
image1932.jpg;7
image1933.jpg;3
image1934.jpg;6
image1935.jpg;5
image1936.jpg;3
image1937.jpg;2
image1938.jpg;4
image1939.jpg;5
image1940.jpg;2
image1941.jpg;1
image1942.jpg;5
image1943.jpg;1
image1944.jpg;3
image1945.jpg;7
image1946.jpg;7
image1947.jpg;2
image1948.jpg;2
image1949.jpg;7
image1950.jpg;1
image1951.jpg;3
image1952.jpg;3
image1953.jpg;7
image1954.jpg;3
image1955.jpg;4
image1956.jpg;3
image1957.jpg;3
image1958.jpg;3
image1959.jpg;3
image1960.jpg;4
image1961.jpg;3
image1962.jpg;5
image1963.jpg;2
image1964.jpg;5
image1965.jpg;1
image1966.jpg;7
image1967.jpg;3
image1968.jpg;6
image1969.jpg;3
image1970.jpg;3
image1971.jpg;7
image1972.jpg;3
image1973.jpg;3
image1974.jpg;1
image1975.jpg;7
image1976.jpg;3
image1977.jpg;7
image1978.jpg;1
image1979.jpg;5
image1980.jpg;5
image1981.jpg;3
image1982.jpg;1
image1983.jpg;7
image1984.jpg;3
image1985.jpg;4
image1986.jpg;5
image1987.jpg;3
image1988.jpg;7
image1989.jpg;3
image1990.jpg;2
image1991.jpg;4
image1992.jpg;6
image1993.jpg;6
image1994.jpg;3
image1995.jpg;4
image1996.jpg;4
image1997.jpg;3
image1998.jpg;3
image1999.jpg;6
image2000.jpg;3
image2001.jpg;1
image2002.jpg;1
image2003.jpg;3
image2004.jpg;3
image2005.jpg;3
image2006.jpg;3
image2007.jpg;1
image2008.jpg;3
image2009.jpg;2
image2010.jpg;3
image2011.jpg;1
image2012.jpg;2
image2013.jpg;4
image2014.jpg;5
image2015.jpg;3
image2016.jpg;3
image2017.jpg;5
image2018.jpg;4
image2019.jpg;3
image2020.jpg;7
image2021.jpg;3
image2022.jpg;2
image2023.jpg;3
image2024.jpg;7
image2025.jpg;6
image2026.jpg;3
image2027.jpg;3
image2028.jpg;2
image2029.jpg;7
image2030.jpg;6
image2031.jpg;1
image2032.jpg;3
image2033.jpg;3
image2034.jpg;7
image2035.jpg;3
image2036.jpg;2
image2037.jpg;4
image2038.jpg;2
image2039.jpg;6
image2040.jpg;6
image2041.jpg;7
image2042.jpg;6
image2043.jpg;3
image2044.jpg;6
image2045.jpg;3
image2046.jpg;7
image2047.jpg;3
image2048.jpg;4
image2049.jpg;7
image2050.jpg;1
image2051.jpg;7
image2052.jpg;1
image2053.jpg;1
image2054.jpg;7
image2055.jpg;1
image2056.jpg;6
image2057.jpg;7
image2058.jpg;1
image2059.jpg;7
image2060.jpg;5
image2061.jpg;3
image2062.jpg;1
image2063.jpg;3
image2064.jpg;7
image2065.jpg;6
image2066.jpg;6
image2067.jpg;2
image2068.jpg;7
image2069.jpg;4
image2070.jpg;1
image2071.jpg;7
image2072.jpg;6
image2073.jpg;2
image2074.jpg;7
image2075.jpg;3
image2076.jpg;7
image2077.jpg;3
image2078.jpg;3
image2079.jpg;7
image2080.jpg;7
image2081.jpg;7
image2082.jpg;4
image2083.jpg;3
image2084.jpg;7
image2085.jpg;3
image2086.jpg;2
image2087.jpg;4
image2088.jpg;3
image2089.jpg;3
image2090.jpg;3
image2091.jpg;1
image2092.jpg;5
image2093.jpg;7
image2094.jpg;7
image2095.jpg;5
image2096.jpg;3
image2097.jpg;6
image2098.jpg;3
image2099.jpg;7
image2100.jpg;3
image2101.jpg;7
image2102.jpg;6
image2103.jpg;4
image2104.jpg;7
image2105.jpg;3
image2106.jpg;3
image2107.jpg;7
image2108.jpg;2
image2109.jpg;3
image2110.jpg;6
image2111.jpg;3
image2112.jpg;3
image2113.jpg;2
image2114.jpg;6
image2115.jpg;3
image2116.jpg;3
image2117.jpg;6
image2118.jpg;4
image2119.jpg;7
image2120.jpg;2
image2121.jpg;3
image2122.jpg;1
image2123.jpg;5
image2124.jpg;2
image2125.jpg;2
image2126.jpg;3
image2127.jpg;5
image2128.jpg;3
image2129.jpg;2
image2130.jpg;3
image2131.jpg;1
image2132.jpg;3
image2133.jpg;3
image2134.jpg;7
image2135.jpg;4
image2136.jpg;6
image2137.jpg;3
image2138.jpg;7
image2139.jpg;2
image2140.jpg;3
image2141.jpg;3
image2142.jpg;3
image2143.jpg;6
image2144.jpg;4
image2145.jpg;1
image2146.jpg;1
image2147.jpg;7
image2148.jpg;4
image2149.jpg;3
image2150.jpg;6
image2151.jpg;6
image2152.jpg;5
image2153.jpg;1
image2154.jpg;6
image2155.jpg;4
image2156.jpg;6
image2157.jpg;7
image2158.jpg;5
image2159.jpg;4
image2160.jpg;3
image2161.jpg;7
image2162.jpg;7
image2163.jpg;3
image2164.jpg;7
image2165.jpg;7
image2166.jpg;6
image2167.jpg;1
image2168.jpg;7
image2169.jpg;3
image2170.jpg;6
image2171.jpg;7
image2172.jpg;6
image2173.jpg;3
image2174.jpg;7
image2175.jpg;3
image2176.jpg;3
image2177.jpg;1
image2178.jpg;1
image2179.jpg;2
image2180.jpg;2
image2181.jpg;3
image2182.jpg;4
image2183.jpg;3
image2184.jpg;2
image2185.jpg;5
image2186.jpg;6
image2187.jpg;4
image2188.jpg;2
image2189.jpg;3
image2190.jpg;3
image2191.jpg;3
image2192.jpg;3
image2193.jpg;6
image2194.jpg;1
image2195.jpg;4
image2196.jpg;7
image2197.jpg;3
image2198.jpg;4
image2199.jpg;2
image2200.jpg;6
image2201.jpg;7
image2202.jpg;7
image2203.jpg;4
image2204.jpg;7
image2205.jpg;7
image2206.jpg;1
image2207.jpg;1
image2208.jpg;2
image2209.jpg;5
image2210.jpg;3
image2211.jpg;4
image2212.jpg;7
image2213.jpg;3
image2214.jpg;3
image2215.jpg;7
image2216.jpg;7
image2217.jpg;3
image2218.jpg;1
image2219.jpg;2
image2220.jpg;3
image2221.jpg;3
image2222.jpg;7
image2223.jpg;4
image2224.jpg;7
image2225.jpg;7
image2226.jpg;7
image2227.jpg;1
image2228.jpg;5
image2229.jpg;1
image2230.jpg;1
image2231.jpg;3
image2232.jpg;3
image2233.jpg;3
image2234.jpg;4
image2235.jpg;7
image2236.jpg;5
image2237.jpg;3
image2238.jpg;4
image2239.jpg;3
image2240.jpg;6
image2241.jpg;6
image2242.jpg;3
image2243.jpg;7
image2244.jpg;4
image2245.jpg;2
image2246.jpg;5
image2247.jpg;3
image2248.jpg;3
image2249.jpg;7
image2250.jpg;2
image2251.jpg;2
image2252.jpg;5
image2253.jpg;3
image2254.jpg;3
image2255.jpg;6
image2256.jpg;4
image2257.jpg;7
image2258.jpg;2
image2259.jpg;5
image2260.jpg;4
image2261.jpg;2
image2262.jpg;2
image2263.jpg;7
image2264.jpg;1
image2265.jpg;3
image2266.jpg;6
image2267.jpg;4
image2268.jpg;5
image2269.jpg;3
image2270.jpg;3
image2271.jpg;5
image2272.jpg;2
image2273.jpg;6
image2274.jpg;7
image2275.jpg;7
image2276.jpg;2
image2277.jpg;4
image2278.jpg;3
image2279.jpg;1
image2280.jpg;6
image2281.jpg;4
image2282.jpg;4
image2283.jpg;2
image2284.jpg;5
image2285.jpg;1
image2286.jpg;4
image2287.jpg;1
image2288.jpg;5
image2289.jpg;7
image2290.jpg;7
image2291.jpg;2
image2292.jpg;3
image2293.jpg;7
image2294.jpg;2
image2295.jpg;3
image2296.jpg;3
image2297.jpg;3
image2298.jpg;4
image2299.jpg;3
image2300.jpg;5
image2301.jpg;3
image2302.jpg;3
image2303.jpg;3
image2304.jpg;6
image2305.jpg;3
image2306.jpg;2
image2307.jpg;6
image2308.jpg;4
image2309.jpg;3
image2310.jpg;7
image2311.jpg;3
image2312.jpg;7
image2313.jpg;5
image2314.jpg;1
image2315.jpg;7
image2316.jpg;2
image2317.jpg;3
image2318.jpg;4
image2319.jpg;6
image2320.jpg;7
image2321.jpg;3
image2322.jpg;7
image2323.jpg;6
image2324.jpg;5
image2325.jpg;6
image2326.jpg;7
image2327.jpg;2
image2328.jpg;6
image2329.jpg;7
image2330.jpg;4
image2331.jpg;1
image2332.jpg;6
image2333.jpg;3
image2334.jpg;1
image2335.jpg;3
image2336.jpg;6
image2337.jpg;2
image2338.jpg;3
image2339.jpg;3
image2340.jpg;4
image2341.jpg;3
image2342.jpg;7
image2343.jpg;3
image2344.jpg;3
image2345.jpg;7
image2346.jpg;5
image2347.jpg;2
image2348.jpg;2
image2349.jpg;3
image2350.jpg;7
image2351.jpg;5
image2352.jpg;4
image2353.jpg;6
image2354.jpg;7
image2355.jpg;5
image2356.jpg;5
image2357.jpg;1
image2358.jpg;7
image2359.jpg;7
image2360.jpg;2
image2361.jpg;4
image2362.jpg;2
image2363.jpg;6
image2364.jpg;2
image2365.jpg;3
image2366.jpg;1
image2367.jpg;5
image2368.jpg;4
image2369.jpg;4
image2370.jpg;3
image2371.jpg;7
image2372.jpg;1
image2373.jpg;2
image2374.jpg;1
image2375.jpg;3
image2376.jpg;2
image2377.jpg;7
image2378.jpg;3
image2379.jpg;2
image2380.jpg;1
image2381.jpg;3
image2382.jpg;3
image2383.jpg;3
image2384.jpg;7
image2385.jpg;3
image2386.jpg;4
image2387.jpg;6
image2388.jpg;2
image2389.jpg;6
image2390.jpg;7
image2391.jpg;3
image2392.jpg;5
image2393.jpg;7
image2394.jpg;7
image2395.jpg;5
image2396.jpg;5
image2397.jpg;6
image2398.jpg;3
image2399.jpg;3
image2400.jpg;6
image2401.jpg;5
image2402.jpg;3
image2403.jpg;7
image2404.jpg;2
image2405.jpg;3
image2406.jpg;5
image2407.jpg;2
image2408.jpg;2
image2409.jpg;3
image2410.jpg;5
image2411.jpg;3
image2412.jpg;2
image2413.jpg;3
image2414.jpg;4
image2415.jpg;3
image2416.jpg;2
image2417.jpg;5
image2418.jpg;1
image2419.jpg;5
image2420.jpg;3
image2421.jpg;7
image2422.jpg;7
image2423.jpg;5
image2424.jpg;1
image2425.jpg;2
image2426.jpg;4
image2427.jpg;3
image2428.jpg;2
image2429.jpg;7
image2430.jpg;4
image2431.jpg;7
image2432.jpg;6
image2433.jpg;7
image2434.jpg;2
image2435.jpg;2
image2436.jpg;7
image2437.jpg;6
image2438.jpg;6
image2439.jpg;2
image2440.jpg;5
image2441.jpg;1
image2442.jpg;1
image2443.jpg;3
image2444.jpg;7
image2445.jpg;1
image2446.jpg;6
image2447.jpg;3
image2448.jpg;2
image2449.jpg;7
image2450.jpg;6
image2451.jpg;7
image2452.jpg;7
image2453.jpg;3
image2454.jpg;7
image2455.jpg;7
image2456.jpg;7
image2457.jpg;4
image2458.jpg;3
image2459.jpg;1
image2460.jpg;6
image2461.jpg;3
image2462.jpg;3
image2463.jpg;2
image2464.jpg;3
image2465.jpg;7
image2466.jpg;3
image2467.jpg;3
image2468.jpg;6
image2469.jpg;4
image2470.jpg;4
image2471.jpg;5
image2472.jpg;3
image2473.jpg;2
image2474.jpg;7
image2475.jpg;1
image2476.jpg;1
image2477.jpg;4
image2478.jpg;2
image2479.jpg;3
image2480.jpg;3
image2481.jpg;7
image2482.jpg;3
image2483.jpg;3
image2484.jpg;3
image2485.jpg;3
image2486.jpg;5
image2487.jpg;7
image2488.jpg;7
image2489.jpg;4
image2490.jpg;3
image2491.jpg;4
image2492.jpg;5
image2493.jpg;6
image2494.jpg;3
image2495.jpg;2
image2496.jpg;1
image2497.jpg;3
image2498.jpg;2
image2499.jpg;7
image2500.jpg;4
image2501.jpg;2
image2502.jpg;7
image2503.jpg;3
image2504.jpg;7
image2505.jpg;5
image2506.jpg;3
image2507.jpg;6
image2508.jpg;3
image2509.jpg;7
image2510.jpg;1
image2511.jpg;2
image2512.jpg;2
image2513.jpg;1
image2514.jpg;6
image2515.jpg;7
image2516.jpg;3
image2517.jpg;7
image2518.jpg;6
image2519.jpg;5
image2520.jpg;5
image2521.jpg;7
image2522.jpg;3
image2523.jpg;1
image2524.jpg;3
image2525.jpg;5
image2526.jpg;2
image2527.jpg;6
image2528.jpg;2
image2529.jpg;3
image2530.jpg;2
image2531.jpg;1
image2532.jpg;3
image2533.jpg;4
image2534.jpg;1
image2535.jpg;2
image2536.jpg;3
image2537.jpg;3
image2538.jpg;1
image2539.jpg;3
image2540.jpg;3
image2541.jpg;3
image2542.jpg;3
image2543.jpg;7
image2544.jpg;3
image2545.jpg;2
image2546.jpg;3
image2547.jpg;3
image2548.jpg;6
image2549.jpg;3
image2550.jpg;6
image2551.jpg;4
image2552.jpg;3
image2553.jpg;4
image2554.jpg;3
image2555.jpg;5
image2556.jpg;5
image2557.jpg;3
image2558.jpg;7
image2559.jpg;3
image2560.jpg;6
image2561.jpg;7
image2562.jpg;5
image2563.jpg;2
image2564.jpg;7
image2565.jpg;3
image2566.jpg;1
image2567.jpg;7
image2568.jpg;4
image2569.jpg;3
image2570.jpg;1
image2571.jpg;3
image2572.jpg;3
image2573.jpg;6
image2574.jpg;7
image2575.jpg;3
image2576.jpg;2
image2577.jpg;7
image2578.jpg;2
image2579.jpg;3
image2580.jpg;6
image2581.jpg;4
image2582.jpg;3
image2583.jpg;7
image2584.jpg;2
image2585.jpg;1
image2586.jpg;7
image2587.jpg;5
image2588.jpg;7
image2589.jpg;3
image2590.jpg;7
image2591.jpg;7
image2592.jpg;7
image2593.jpg;5
image2594.jpg;1
image2595.jpg;4
image2596.jpg;1
image2597.jpg;3
image2598.jpg;3
image2599.jpg;7
image2600.jpg;3
image2601.jpg;1
image2602.jpg;3
image2603.jpg;7
image2604.jpg;1
image2605.jpg;7
image2606.jpg;6
image2607.jpg;3
image2608.jpg;6
image2609.jpg;1
image2610.jpg;1
image2611.jpg;3
image2612.jpg;7
image2613.jpg;2
image2614.jpg;4
image2615.jpg;6
image2616.jpg;7
image2617.jpg;1
image2618.jpg;3
image2619.jpg;3
image2620.jpg;3
image2621.jpg;7
image2622.jpg;5
image2623.jpg;3
image2624.jpg;7
image2625.jpg;7
image2626.jpg;5
image2627.jpg;3
image2628.jpg;6
image2629.jpg;7
image2630.jpg;4
image2631.jpg;2
image2632.jpg;7
image2633.jpg;6
image2634.jpg;2
image2635.jpg;3
image2636.jpg;4
image2637.jpg;5
image2638.jpg;3
image2639.jpg;7
image2640.jpg;6
image2641.jpg;2
image2642.jpg;7
image2643.jpg;7
image2644.jpg;6
image2645.jpg;2
image2646.jpg;7
image2647.jpg;4
image2648.jpg;7
image2649.jpg;7
image2650.jpg;6
image2651.jpg;7
image2652.jpg;2
image2653.jpg;4
image2654.jpg;6
image2655.jpg;4
image2656.jpg;3
image2657.jpg;7
image2658.jpg;6
image2659.jpg;3
image2660.jpg;3
image2661.jpg;7
image2662.jpg;7
image2663.jpg;2
image2664.jpg;5
image2665.jpg;4
image2666.jpg;5
image2667.jpg;6
image2668.jpg;7
image2669.jpg;1
image2670.jpg;7
image2671.jpg;7
image2672.jpg;1
image2673.jpg;3
image2674.jpg;6
image2675.jpg;7
image2676.jpg;4
image2677.jpg;1
image2678.jpg;2
image2679.jpg;4
image2680.jpg;4
image2681.jpg;7
image2682.jpg;1
image2683.jpg;6
image2684.jpg;5
image2685.jpg;3
image2686.jpg;2
image2687.jpg;7
image2688.jpg;3
image2689.jpg;5
image2690.jpg;2
image2691.jpg;2
image2692.jpg;6
image2693.jpg;3
image2694.jpg;2
image2695.jpg;3
image2696.jpg;1
image2697.jpg;2
image2698.jpg;3
image2699.jpg;4
image2700.jpg;3
image2701.jpg;6
image2702.jpg;4
image2703.jpg;5
image2704.jpg;4
image2705.jpg;2
image2706.jpg;7
image2707.jpg;3
image2708.jpg;4
image2709.jpg;7
image2710.jpg;3
image2711.jpg;7
image2712.jpg;1
image2713.jpg;2
image2714.jpg;1
image2715.jpg;7
image2716.jpg;7
image2717.jpg;3
image2718.jpg;7
image2719.jpg;1
image2720.jpg;3
image2721.jpg;4
image2722.jpg;7
image2723.jpg;1
image2724.jpg;2
image2725.jpg;2
image2726.jpg;4
image2727.jpg;2
image2728.jpg;3
image2729.jpg;4
image2730.jpg;3
image2731.jpg;7
image2732.jpg;7
image2733.jpg;7
image2734.jpg;1
image2735.jpg;7
image2736.jpg;2
image2737.jpg;3
image2738.jpg;1
image2739.jpg;3
image2740.jpg;6
image2741.jpg;3
image2742.jpg;4
image2743.jpg;1
image2744.jpg;2
image2745.jpg;3
image2746.jpg;1
image2747.jpg;2
image2748.jpg;5
image2749.jpg;3
image2750.jpg;3
image2751.jpg;3
image2752.jpg;7
image2753.jpg;2
image2754.jpg;6
image2755.jpg;2
image2756.jpg;3
image2757.jpg;1
image2758.jpg;5
image2759.jpg;7
image2760.jpg;2
image2761.jpg;7
image2762.jpg;2
image2763.jpg;1
image2764.jpg;3
image2765.jpg;5
image2766.jpg;4
image2767.jpg;1
image2768.jpg;3
image2769.jpg;1
image2770.jpg;1
image2771.jpg;3
image2772.jpg;2
image2773.jpg;7
image2774.jpg;1
image2775.jpg;4
image2776.jpg;4
image2777.jpg;3
image2778.jpg;6
image2779.jpg;2
image2780.jpg;1
image2781.jpg;1
image2782.jpg;1
image2783.jpg;4
image2784.jpg;3
image2785.jpg;1
image2786.jpg;3
image2787.jpg;3
image2788.jpg;5
image2789.jpg;1
image2790.jpg;7
image2791.jpg;3
image2792.jpg;7
image2793.jpg;3
image2794.jpg;3
image2795.jpg;7
image2796.jpg;3
image2797.jpg;3
image2798.jpg;6
image2799.jpg;7
image2800.jpg;3
image2801.jpg;3
image2802.jpg;7
image2803.jpg;6
image2804.jpg;3
image2805.jpg;7
image2806.jpg;3
image2807.jpg;2
image2808.jpg;3
image2809.jpg;2
image2810.jpg;7
image2811.jpg;3
image2812.jpg;3
image2813.jpg;7
image2814.jpg;7
image2815.jpg;3
image2816.jpg;3
image2817.jpg;3
image2818.jpg;3
image2819.jpg;3
image2820.jpg;3
image2821.jpg;7
image2822.jpg;3
image2823.jpg;7
image2824.jpg;7
image2825.jpg;2
image2826.jpg;2
image2827.jpg;7
image2828.jpg;3
image2829.jpg;6
image2830.jpg;3
image2831.jpg;2
image2832.jpg;7
image2833.jpg;5
image2834.jpg;6
image2835.jpg;7
image2836.jpg;7
image2837.jpg;4
image2838.jpg;4
image2839.jpg;5
image2840.jpg;1
image2841.jpg;6
image2842.jpg;1
image2843.jpg;7
image2844.jpg;6
image2845.jpg;4
image2846.jpg;7
image2847.jpg;3
image2848.jpg;4
image2849.jpg;3
image2850.jpg;7
image2851.jpg;2
image2852.jpg;6
image2853.jpg;7
image2854.jpg;3
image2855.jpg;2
image2856.jpg;3
image2857.jpg;7
image2858.jpg;3
image2859.jpg;2
image2860.jpg;2
image2861.jpg;4
image2862.jpg;7
image2863.jpg;2
image2864.jpg;7
image2865.jpg;3
image2866.jpg;2
image2867.jpg;7
image2868.jpg;2
image2869.jpg;7
image2870.jpg;1
image2871.jpg;5
image2872.jpg;1
image2873.jpg;7
image2874.jpg;3
image2875.jpg;3
image2876.jpg;3
image2877.jpg;6
image2878.jpg;6
image2879.jpg;5
image2880.jpg;3
image2881.jpg;3
image2882.jpg;3
image2883.jpg;3
image2884.jpg;3
image2885.jpg;3
image2886.jpg;3
image2887.jpg;7
image2888.jpg;3
image2889.jpg;5
image2890.jpg;6
image2891.jpg;3
image2892.jpg;2
image2893.jpg;7
image2894.jpg;7
image2895.jpg;7
image2896.jpg;7
image2897.jpg;6
image2898.jpg;3
image2899.jpg;7
image2900.jpg;3
image2901.jpg;7
image2902.jpg;3
image2903.jpg;7
image2904.jpg;1
image2905.jpg;7
image2906.jpg;2
image2907.jpg;2
image2908.jpg;2
image2909.jpg;7
image2910.jpg;3
image2911.jpg;5
image2912.jpg;3
image2913.jpg;6
image2914.jpg;3
image2915.jpg;5
image2916.jpg;7
image2917.jpg;6
image2918.jpg;2
image2919.jpg;7
image2920.jpg;4
image2921.jpg;2
image2922.jpg;3
image2923.jpg;7
image2924.jpg;3
image2925.jpg;2
image2926.jpg;1
image2927.jpg;4
image2928.jpg;2
image2929.jpg;3
image2930.jpg;3
image2931.jpg;1
image2932.jpg;6
image2933.jpg;6
image2934.jpg;1
image2935.jpg;3
image2936.jpg;7
image2937.jpg;7
image2938.jpg;7
image2939.jpg;2
image2940.jpg;3
image2941.jpg;6
image2942.jpg;3
image2943.jpg;4
image2944.jpg;2
image2945.jpg;4
image2946.jpg;3
image2947.jpg;3
image2948.jpg;3
image2949.jpg;7
image2950.jpg;7
image2951.jpg;2
image2952.jpg;7
image2953.jpg;7
image2954.jpg;2
image2955.jpg;7
image2956.jpg;2
image2957.jpg;3
image2958.jpg;7
image2959.jpg;3
image2960.jpg;5
image2961.jpg;7
image2962.jpg;3
image2963.jpg;3
image2964.jpg;4
image2965.jpg;6
image2966.jpg;5
image2967.jpg;3
image2968.jpg;6
image2969.jpg;7
image2970.jpg;2
image2971.jpg;3
image2972.jpg;2
image2973.jpg;3
image2974.jpg;4
image2975.jpg;3
image2976.jpg;3
image2977.jpg;3
image2978.jpg;7
image2979.jpg;3
image2980.jpg;3
image2981.jpg;7
image2982.jpg;6
image2983.jpg;3
image2984.jpg;4
image2985.jpg;4
image2986.jpg;2
image2987.jpg;2
image2988.jpg;3
image2989.jpg;6
image2990.jpg;2
image2991.jpg;3
image2992.jpg;2
image2993.jpg;3
image2994.jpg;3
image2995.jpg;3
image2996.jpg;1
image2997.jpg;1
image2998.jpg;7
image2999.jpg;4
image3000.jpg;3
image3001.jpg;7
image3002.jpg;3
image3003.jpg;2
image3004.jpg;2
image3005.jpg;4
image3006.jpg;4
image3007.jpg;2
image3008.jpg;3
image3009.jpg;6
image3010.jpg;7
image3011.jpg;4
image3012.jpg;7
image3013.jpg;3
image3014.jpg;4
image3015.jpg;2
image3016.jpg;3
image3017.jpg;3
image3018.jpg;4
image3019.jpg;3
image3020.jpg;3
image3021.jpg;3
image3022.jpg;3
image3023.jpg;1
image3024.jpg;1
image3025.jpg;4
image3026.jpg;4
image3027.jpg;6
image3028.jpg;7
image3029.jpg;2
image3030.jpg;6
image3031.jpg;1
image3032.jpg;1
image3033.jpg;3
image3034.jpg;3
image3035.jpg;3
image3036.jpg;4
image3037.jpg;2
image3038.jpg;1
image3039.jpg;1
image3040.jpg;4
image3041.jpg;3
image3042.jpg;2
image3043.jpg;3
image3044.jpg;4
image3045.jpg;4
image3046.jpg;1
image3047.jpg;1
image3048.jpg;2
image3049.jpg;1
image3050.jpg;3
image3051.jpg;5
image3052.jpg;7
image3053.jpg;7
image3054.jpg;7
image3055.jpg;2
image3056.jpg;2
image3057.jpg;3
image3058.jpg;3
image3059.jpg;1
image3060.jpg;4
image3061.jpg;4
image3062.jpg;2
image3063.jpg;3
image3064.jpg;7
image3065.jpg;1
image3066.jpg;3
image3067.jpg;2
image3068.jpg;5
image3069.jpg;4
image3070.jpg;6
image3071.jpg;5
image3072.jpg;3
image3073.jpg;6
image3074.jpg;2
image3075.jpg;2
image3076.jpg;2
image3077.jpg;3
image3078.jpg;3
image3079.jpg;5
image3080.jpg;7
image3081.jpg;5
image3082.jpg;3
image3083.jpg;2
image3084.jpg;5
image3085.jpg;6
image3086.jpg;3
image3087.jpg;7
image3088.jpg;2
image3089.jpg;6
image3090.jpg;7
image3091.jpg;3
image3092.jpg;4
image3093.jpg;7
image3094.jpg;4
image3095.jpg;7
image3096.jpg;2
image3097.jpg;1
image3098.jpg;3
image3099.jpg;3
image3100.jpg;4
image3101.jpg;3
image3102.jpg;2
image3103.jpg;3
image3104.jpg;3
image3105.jpg;2
image3106.jpg;7
image3107.jpg;6
image3108.jpg;4
image3109.jpg;2
image3110.jpg;3
image3111.jpg;3
image3112.jpg;3
image3113.jpg;3
image3114.jpg;2
image3115.jpg;7
image3116.jpg;2
image3117.jpg;3
image3118.jpg;7
image3119.jpg;2
image3120.jpg;1
image3121.jpg;2
image3122.jpg;3
image3123.jpg;5
image3124.jpg;3
image3125.jpg;3
image3126.jpg;2
image3127.jpg;1
image3128.jpg;3
image3129.jpg;3
image3130.jpg;4
image3131.jpg;3
image3132.jpg;2
image3133.jpg;4
image3134.jpg;2
image3135.jpg;2
image3136.jpg;6
image3137.jpg;6
image3138.jpg;5
image3139.jpg;3
image3140.jpg;3
image3141.jpg;7
image3142.jpg;1
image3143.jpg;3
image3144.jpg;1
image3145.jpg;6
image3146.jpg;6
image3147.jpg;7
image3148.jpg;1
image3149.jpg;3
image3150.jpg;3
image3151.jpg;3
image3152.jpg;3
image3153.jpg;6
image3154.jpg;3
image3155.jpg;7
image3156.jpg;4
image3157.jpg;3
image3158.jpg;2
image3159.jpg;3
image3160.jpg;3
image3161.jpg;2
image3162.jpg;7
image3163.jpg;5
image3164.jpg;4
image3165.jpg;4
image3166.jpg;3
image3167.jpg;3
image3168.jpg;1
image3169.jpg;3
image3170.jpg;3
image3171.jpg;4
image3172.jpg;2
image3173.jpg;7
image3174.jpg;6
image3175.jpg;3
image3176.jpg;2
image3177.jpg;7
image3178.jpg;7
image3179.jpg;3
image3180.jpg;4
image3181.jpg;3
image3182.jpg;7
image3183.jpg;7
image3184.jpg;7
image3185.jpg;7
image3186.jpg;4
image3187.jpg;1
image3188.jpg;6
image3189.jpg;3
image3190.jpg;1
image3191.jpg;7
image3192.jpg;6
image3193.jpg;5
image3194.jpg;3
image3195.jpg;7
image3196.jpg;2
image3197.jpg;2
image3198.jpg;3
image3199.jpg;2
image3200.jpg;3
image3201.jpg;2
image3202.jpg;4
image3203.jpg;1
image3204.jpg;6
image3205.jpg;5
image3206.jpg;4
image3207.jpg;2
image3208.jpg;3
image3209.jpg;5
image3210.jpg;7
image3211.jpg;7
image3212.jpg;2
image3213.jpg;2
image3214.jpg;7
image3215.jpg;5
image3216.jpg;3
image3217.jpg;7
image3218.jpg;7
image3219.jpg;1
image3220.jpg;7
image3221.jpg;3
image3222.jpg;4
image3223.jpg;3
image3224.jpg;1
image3225.jpg;4
image3226.jpg;3
image3227.jpg;3
image3228.jpg;2
image3229.jpg;7
image3230.jpg;2
image3231.jpg;7
image3232.jpg;7
image3233.jpg;2
image3234.jpg;3
image3235.jpg;6
image3236.jpg;3
image3237.jpg;1
image3238.jpg;6
image3239.jpg;7
image3240.jpg;3
image3241.jpg;3
image3242.jpg;2
image3243.jpg;2
image3244.jpg;1
image3245.jpg;2
image3246.jpg;7
image3247.jpg;7
image3248.jpg;4
image3249.jpg;3
image3250.jpg;3
image3251.jpg;1
image3252.jpg;3
image3253.jpg;2
image3254.jpg;7
image3255.jpg;7
image3256.jpg;1
image3257.jpg;1
image3258.jpg;6
image3259.jpg;7
image3260.jpg;6
image3261.jpg;7
image3262.jpg;3
image3263.jpg;3
image3264.jpg;3
image3265.jpg;3
image3266.jpg;3
image3267.jpg;1
image3268.jpg;7
image3269.jpg;2
image3270.jpg;3
image3271.jpg;3
image3272.jpg;7
image3273.jpg;7
image3274.jpg;3
image3275.jpg;7
image3276.jpg;1
image3277.jpg;2
image3278.jpg;6
image3279.jpg;6
image3280.jpg;7
image3281.jpg;5
image3282.jpg;2
image3283.jpg;3
image3284.jpg;3
image3285.jpg;1
image3286.jpg;6
image3287.jpg;7
image3288.jpg;7
image3289.jpg;2
image3290.jpg;3
image3291.jpg;6
image3292.jpg;3
image3293.jpg;2
image3294.jpg;4
image3295.jpg;7
image3296.jpg;7
image3297.jpg;5
image3298.jpg;4
image3299.jpg;5
image3300.jpg;3
image3301.jpg;4
image3302.jpg;3
image3303.jpg;3
image3304.jpg;5
image3305.jpg;3
image3306.jpg;7
image3307.jpg;7
image3308.jpg;5
image3309.jpg;3
image3310.jpg;1
image3311.jpg;5
image3312.jpg;3
image3313.jpg;7
image3314.jpg;3
image3315.jpg;5
image3316.jpg;2
image3317.jpg;2
image3318.jpg;3
image3319.jpg;6
image3320.jpg;6
image3321.jpg;6
image3322.jpg;7
image3323.jpg;5
image3324.jpg;6
image3325.jpg;4
image3326.jpg;7
image3327.jpg;3
image3328.jpg;3
image3329.jpg;7
image3330.jpg;2
image3331.jpg;6
image3332.jpg;2
image3333.jpg;7
image3334.jpg;3
image3335.jpg;3
image3336.jpg;7
image3337.jpg;7
image3338.jpg;4
image3339.jpg;7
image3340.jpg;7
image3341.jpg;7
image3342.jpg;5
image3343.jpg;3
image3344.jpg;4
image3345.jpg;2
image3346.jpg;7
image3347.jpg;6
image3348.jpg;7
image3349.jpg;7
image3350.jpg;2
image3351.jpg;2
image3352.jpg;1
image3353.jpg;7
image3354.jpg;7
image3355.jpg;3
image3356.jpg;2
image3357.jpg;4
image3358.jpg;2
image3359.jpg;2
image3360.jpg;7
image3361.jpg;2
image3362.jpg;7
image3363.jpg;6
image3364.jpg;6
image3365.jpg;7
image3366.jpg;1
image3367.jpg;2
image3368.jpg;3
image3369.jpg;1
image3370.jpg;3
image3371.jpg;5
image3372.jpg;2
image3373.jpg;7
image3374.jpg;2
image3375.jpg;2
image3376.jpg;2
image3377.jpg;5
image3378.jpg;3
image3379.jpg;3
image3380.jpg;7
image3381.jpg;5
image3382.jpg;2
image3383.jpg;7
image3384.jpg;7
image3385.jpg;3
image3386.jpg;3
image3387.jpg;2
image3388.jpg;3
image3389.jpg;3
image3390.jpg;1
image3391.jpg;7
image3392.jpg;4
image3393.jpg;7
image3394.jpg;2
image3395.jpg;7
image3396.jpg;4
image3397.jpg;6
image3398.jpg;3
image3399.jpg;4
image3400.jpg;6
image3401.jpg;3
image3402.jpg;7
image3403.jpg;3
image3404.jpg;4
image3405.jpg;2
image3406.jpg;4
image3407.jpg;7
image3408.jpg;7
image3409.jpg;2
image3410.jpg;4
image3411.jpg;7
image3412.jpg;3
image3413.jpg;3
image3414.jpg;6
image3415.jpg;7
image3416.jpg;5
image3417.jpg;3
image3418.jpg;2
image3419.jpg;3
image3420.jpg;2
image3421.jpg;7
image3422.jpg;7
image3423.jpg;7
image3424.jpg;5
image3425.jpg;4
image3426.jpg;3
image3427.jpg;7
image3428.jpg;1
image3429.jpg;7
image3430.jpg;2
image3431.jpg;7
image3432.jpg;7
image3433.jpg;5
image3434.jpg;6
image3435.jpg;6
image3436.jpg;1
image3437.jpg;3
image3438.jpg;5
image3439.jpg;1
image3440.jpg;1
image3441.jpg;4
image3442.jpg;7
image3443.jpg;3
image3444.jpg;3
image3445.jpg;2
image3446.jpg;7
image3447.jpg;2
image3448.jpg;5
image3449.jpg;3
image3450.jpg;7
image3451.jpg;7
image3452.jpg;5
image3453.jpg;7
image3454.jpg;6
image3455.jpg;3
image3456.jpg;1
image3457.jpg;1
image3458.jpg;5
image3459.jpg;6
image3460.jpg;3
image3461.jpg;7
image3462.jpg;7
image3463.jpg;3
image3464.jpg;7
image3465.jpg;3
image3466.jpg;2
image3467.jpg;6
image3468.jpg;7
image3469.jpg;3
image3470.jpg;2
image3471.jpg;1
image3472.jpg;3
image3473.jpg;6
image3474.jpg;2
image3475.jpg;2
image3476.jpg;6
image3477.jpg;5
image3478.jpg;2
image3479.jpg;2
image3480.jpg;1
image3481.jpg;3
image3482.jpg;3
image3483.jpg;3
image3484.jpg;7
image3485.jpg;1
image3486.jpg;3
image3487.jpg;7
image3488.jpg;6
image3489.jpg;7
image3490.jpg;1
image3491.jpg;3
image3492.jpg;7
image3493.jpg;3
image3494.jpg;7
image3495.jpg;2
image3496.jpg;2
image3497.jpg;3
image3498.jpg;3
image3499.jpg;7
image3500.jpg;7
image3501.jpg;2
image3502.jpg;3
image3503.jpg;7
image3504.jpg;7
image3505.jpg;3
image3506.jpg;6
image3507.jpg;3
image3508.jpg;2
image3509.jpg;3
image3510.jpg;2
image3511.jpg;1
image3512.jpg;3
image3513.jpg;7
image3514.jpg;7
image3515.jpg;3
image3516.jpg;4
image3517.jpg;6
image3518.jpg;6
image3519.jpg;3
image3520.jpg;2
image3521.jpg;3
image3522.jpg;5
image3523.jpg;4
image3524.jpg;3
image3525.jpg;6
image3526.jpg;3
image3527.jpg;7
image3528.jpg;3
image3529.jpg;3
image3530.jpg;3
image3531.jpg;3
image3532.jpg;7
image3533.jpg;7
image3534.jpg;2
image3535.jpg;2
image3536.jpg;4
image3537.jpg;4
image3538.jpg;2
image3539.jpg;6
image3540.jpg;2
image3541.jpg;2
image3542.jpg;5
image3543.jpg;5
image3544.jpg;6
image3545.jpg;5
image3546.jpg;7
image3547.jpg;5
image3548.jpg;7
image3549.jpg;4
image3550.jpg;7
image3551.jpg;5
image3552.jpg;7
image3553.jpg;2
image3554.jpg;7
image3555.jpg;7
image3556.jpg;3
image3557.jpg;7
image3558.jpg;7
image3559.jpg;4
image3560.jpg;3
image3561.jpg;4
image3562.jpg;3
image3563.jpg;7
image3564.jpg;4
image3565.jpg;3
image3566.jpg;5
image3567.jpg;7
image3568.jpg;3
image3569.jpg;4
image3570.jpg;3
image3571.jpg;7
image3572.jpg;6
image3573.jpg;6
image3574.jpg;3
image3575.jpg;6
image3576.jpg;2
image3577.jpg;3
image3578.jpg;5
image3579.jpg;2
image3580.jpg;2
image3581.jpg;7
image3582.jpg;7
image3583.jpg;6
image3584.jpg;2
image3585.jpg;6
image3586.jpg;2
image3587.jpg;3
image3588.jpg;7
image3589.jpg;2
image3590.jpg;7
image3591.jpg;7
image3592.jpg;3
image3593.jpg;7
image3594.jpg;2
image3595.jpg;3
image3596.jpg;7
image3597.jpg;2
image3598.jpg;3
image3599.jpg;4
image3600.jpg;5
image3601.jpg;2
image3602.jpg;1
image3603.jpg;2
image3604.jpg;7
image3605.jpg;5
image3606.jpg;1
image3607.jpg;1
image3608.jpg;3
image3609.jpg;7
image3610.jpg;4
image3611.jpg;2
image3612.jpg;7
image3613.jpg;1
image3614.jpg;5
image3615.jpg;7
image3616.jpg;7
image3617.jpg;3
image3618.jpg;2
image3619.jpg;7
image3620.jpg;3
image3621.jpg;7
image3622.jpg;1
image3623.jpg;7
image3624.jpg;3
image3625.jpg;2
image3626.jpg;7
image3627.jpg;3
image3628.jpg;3
image3629.jpg;5
image3630.jpg;7
image3631.jpg;7
image3632.jpg;2
image3633.jpg;7
image3634.jpg;7
image3635.jpg;7
image3636.jpg;5
image3637.jpg;4
image3638.jpg;7
image3639.jpg;3
image3640.jpg;3
image3641.jpg;2
image3642.jpg;7
image3643.jpg;3
image3644.jpg;3
image3645.jpg;6
image3646.jpg;7
image3647.jpg;7
image3648.jpg;1
image3649.jpg;3
image3650.jpg;5
image3651.jpg;6
image3652.jpg;3
image3653.jpg;2
image3654.jpg;3
image3655.jpg;1
image3656.jpg;3
image3657.jpg;4
image3658.jpg;1
image3659.jpg;4
image3660.jpg;6
image3661.jpg;5
image3662.jpg;1
image3663.jpg;5
image3664.jpg;7
image3665.jpg;6
image3666.jpg;5
image3667.jpg;4
image3668.jpg;3
image3669.jpg;1
image3670.jpg;3
image3671.jpg;2
image3672.jpg;7
image3673.jpg;3
image3674.jpg;3
image3675.jpg;7
image3676.jpg;2
image3677.jpg;5
image3678.jpg;7
image3679.jpg;7
image3680.jpg;3
image3681.jpg;2
image3682.jpg;7
image3683.jpg;2
image3684.jpg;4
image3685.jpg;3
image3686.jpg;3
image3687.jpg;3
image3688.jpg;3
image3689.jpg;2
image3690.jpg;7
image3691.jpg;2
image3692.jpg;7
image3693.jpg;3
image3694.jpg;3
image3695.jpg;5
image3696.jpg;5
image3697.jpg;2
image3698.jpg;3
image3699.jpg;4
image3700.jpg;3
image3701.jpg;6
image3702.jpg;6
image3703.jpg;5
image3704.jpg;3
image3705.jpg;3
image3706.jpg;2
image3707.jpg;6
image3708.jpg;3
image3709.jpg;4
image3710.jpg;3
image3711.jpg;3
image3712.jpg;4
image3713.jpg;5
image3714.jpg;2
image3715.jpg;5
image3716.jpg;3
image3717.jpg;1
image3718.jpg;5
image3719.jpg;4
image3720.jpg;3
image3721.jpg;7
image3722.jpg;3
image3723.jpg;2
image3724.jpg;1
image3725.jpg;7
image3726.jpg;7
image3727.jpg;3
image3728.jpg;2
image3729.jpg;3
image3730.jpg;3
image3731.jpg;7
image3732.jpg;3
image3733.jpg;3
image3734.jpg;7
image3735.jpg;6
image3736.jpg;7
image3737.jpg;7
image3738.jpg;7
image3739.jpg;3
image3740.jpg;7
image3741.jpg;2
image3742.jpg;3
image3743.jpg;2
image3744.jpg;2
image3745.jpg;3
image3746.jpg;4
image3747.jpg;5
image3748.jpg;3
image3749.jpg;1
image3750.jpg;3
image3751.jpg;7
image3752.jpg;3
image3753.jpg;5
image3754.jpg;3
image3755.jpg;3
image3756.jpg;7
image3757.jpg;3
image3758.jpg;2
image3759.jpg;7
image3760.jpg;7
image3761.jpg;7
image3762.jpg;6
image3763.jpg;5
image3764.jpg;7
image3765.jpg;1
image3766.jpg;7
image3767.jpg;1
image3768.jpg;1
image3769.jpg;3
image3770.jpg;1
image3771.jpg;2
image3772.jpg;3
image3773.jpg;6
image3774.jpg;6
image3775.jpg;3
image3776.jpg;3
image3777.jpg;3
image3778.jpg;2
image3779.jpg;6
image3780.jpg;7
image3781.jpg;3
image3782.jpg;4
image3783.jpg;4
image3784.jpg;2
image3785.jpg;3
image3786.jpg;4
image3787.jpg;2
image3788.jpg;3
image3789.jpg;4
image3790.jpg;2
image3791.jpg;7
image3792.jpg;2
image3793.jpg;2
image3794.jpg;2
image3795.jpg;7
image3796.jpg;7
image3797.jpg;1
image3798.jpg;6
image3799.jpg;3
image3800.jpg;3
image3801.jpg;3
image3802.jpg;7
image3803.jpg;6
image3804.jpg;1
image3805.jpg;6
image3806.jpg;7
image3807.jpg;5
image3808.jpg;3
image3809.jpg;4
image3810.jpg;6
image3811.jpg;1
image3812.jpg;3
image3813.jpg;4
image3814.jpg;3
image3815.jpg;3
image3816.jpg;4
image3817.jpg;7
image3818.jpg;6
image3819.jpg;6
image3820.jpg;5
image3821.jpg;6
image3822.jpg;2
image3823.jpg;3
image3824.jpg;2
image3825.jpg;7
image3826.jpg;7
image3827.jpg;4
image3828.jpg;6
image3829.jpg;4
image3830.jpg;5
image3831.jpg;7
image3832.jpg;3
image3833.jpg;1
image3834.jpg;3
image3835.jpg;2
image3836.jpg;3
image3837.jpg;3
image3838.jpg;2
image3839.jpg;3
image3840.jpg;3
image3841.jpg;7
image3842.jpg;7
image3843.jpg;6
image3844.jpg;6
image3845.jpg;2
image3846.jpg;2
image3847.jpg;5
image3848.jpg;2
image3849.jpg;1
image3850.jpg;7
image3851.jpg;7
image3852.jpg;3
image3853.jpg;2
image3854.jpg;5
image3855.jpg;5
image3856.jpg;4
image3857.jpg;7
image3858.jpg;4
image3859.jpg;1
image3860.jpg;2
image3861.jpg;7
image3862.jpg;2
image3863.jpg;2
image3864.jpg;3
image3865.jpg;7
image3866.jpg;1
image3867.jpg;3
image3868.jpg;7
image3869.jpg;3
image3870.jpg;3
image3871.jpg;2
image3872.jpg;7
image3873.jpg;2
image3874.jpg;3
image3875.jpg;3
image3876.jpg;3
image3877.jpg;3
image3878.jpg;2
image3879.jpg;6
image3880.jpg;4
image3881.jpg;2
image3882.jpg;4
image3883.jpg;5
image3884.jpg;1
image3885.jpg;3
image3886.jpg;3
image3887.jpg;6
image3888.jpg;5
image3889.jpg;7
image3890.jpg;4
image3891.jpg;6
image3892.jpg;3
image3893.jpg;2
image3894.jpg;3
image3895.jpg;2
image3896.jpg;5
image3897.jpg;6
image3898.jpg;7
image3899.jpg;5
image3900.jpg;3
image3901.jpg;5
image3902.jpg;3
image3903.jpg;3
image3904.jpg;2
image3905.jpg;6
image3906.jpg;3
image3907.jpg;5
image3908.jpg;6
image3909.jpg;3
image3910.jpg;1
image3911.jpg;2
image3912.jpg;3
image3913.jpg;6
image3914.jpg;3
image3915.jpg;3
image3916.jpg;3
image3917.jpg;5
image3918.jpg;7
image3919.jpg;3
image3920.jpg;5
image3921.jpg;2
image3922.jpg;7
image3923.jpg;4
image3924.jpg;7
image3925.jpg;4
image3926.jpg;6
image3927.jpg;3
image3928.jpg;7
image3929.jpg;4
image3930.jpg;1
image3931.jpg;6
image3932.jpg;6
image3933.jpg;3
image3934.jpg;3
image3935.jpg;7
image3936.jpg;1
image3937.jpg;7
image3938.jpg;5
image3939.jpg;5
image3940.jpg;4
image3941.jpg;6
image3942.jpg;3
image3943.jpg;5
image3944.jpg;3
image3945.jpg;4
image3946.jpg;3
image3947.jpg;3
image3948.jpg;2
image3949.jpg;5
image3950.jpg;4
image3951.jpg;3
image3952.jpg;3
image3953.jpg;3
image3954.jpg;4
image3955.jpg;3
image3956.jpg;3
image3957.jpg;3
image3958.jpg;2
image3959.jpg;1
image3960.jpg;5
image3961.jpg;7
image3962.jpg;1
image3963.jpg;2
image3964.jpg;1
image3965.jpg;3
image3966.jpg;2
image3967.jpg;6
image3968.jpg;3
image3969.jpg;1
image3970.jpg;3
image3971.jpg;3
image3972.jpg;2
image3973.jpg;3
image3974.jpg;2
image3975.jpg;3
image3976.jpg;4
image3977.jpg;3
image3978.jpg;3
image3979.jpg;6
image3980.jpg;6
image3981.jpg;7
image3982.jpg;7
image3983.jpg;3
image3984.jpg;6
image3985.jpg;4
image3986.jpg;5
image3987.jpg;5
image3988.jpg;4
image3989.jpg;6
image3990.jpg;6
image3991.jpg;2
image3992.jpg;7
image3993.jpg;2
image3994.jpg;5
image3995.jpg;3
image3996.jpg;5
image3997.jpg;1
image3998.jpg;3
image3999.jpg;5
image4000.jpg;3
image4001.jpg;7
image4002.jpg;6
image4003.jpg;5
image4004.jpg;5
image4005.jpg;7
image4006.jpg;2
image4007.jpg;3
image4008.jpg;3
image4009.jpg;1
image4010.jpg;7
image4011.jpg;7
image4012.jpg;1
image4013.jpg;2
image4014.jpg;4
image4015.jpg;1
image4016.jpg;2
image4017.jpg;3
image4018.jpg;3
image4019.jpg;7
image4020.jpg;3
image4021.jpg;2
image4022.jpg;2
image4023.jpg;4
image4024.jpg;6
image4025.jpg;6
image4026.jpg;5
image4027.jpg;3
image4028.jpg;6
image4029.jpg;2
image4030.jpg;4
image4031.jpg;3
image4032.jpg;3
image4033.jpg;6
image4034.jpg;3
image4035.jpg;7
image4036.jpg;7
image4037.jpg;7
image4038.jpg;7
image4039.jpg;4
image4040.jpg;3
image4041.jpg;7
image4042.jpg;7
image4043.jpg;3
image4044.jpg;2
image4045.jpg;1
image4046.jpg;3
image4047.jpg;7
image4048.jpg;3
image4049.jpg;2
image4050.jpg;3
image4051.jpg;6
image4052.jpg;5
image4053.jpg;3
image4054.jpg;3
image4055.jpg;3
image4056.jpg;3
image4057.jpg;5
image4058.jpg;3
image4059.jpg;3
image4060.jpg;2
image4061.jpg;3
image4062.jpg;2
image4063.jpg;4
image4064.jpg;2
image4065.jpg;7
image4066.jpg;6
image4067.jpg;3
image4068.jpg;3
image4069.jpg;7
image4070.jpg;7
image4071.jpg;4
image4072.jpg;5
image4073.jpg;7
image4074.jpg;2
image4075.jpg;4
image4076.jpg;5
image4077.jpg;3
image4078.jpg;3
image4079.jpg;5
image4080.jpg;5
image4081.jpg;3
image4082.jpg;7
image4083.jpg;7
image4084.jpg;5
image4085.jpg;1
image4086.jpg;2
image4087.jpg;4
image4088.jpg;3
image4089.jpg;2
image4090.jpg;3
image4091.jpg;1
image4092.jpg;5
image4093.jpg;2
image4094.jpg;3
image4095.jpg;5
image4096.jpg;2
image4097.jpg;7
image4098.jpg;4
image4099.jpg;2
image4100.jpg;3
image4101.jpg;3
image4102.jpg;3
image4103.jpg;1
image4104.jpg;2
image4105.jpg;3
image4106.jpg;2
image4107.jpg;4
image4108.jpg;2
image4109.jpg;3
image4110.jpg;2
image4111.jpg;3
image4112.jpg;3
image4113.jpg;3
image4114.jpg;5
image4115.jpg;2
image4116.jpg;1
image4117.jpg;2
image4118.jpg;4
image4119.jpg;4
image4120.jpg;1
image4121.jpg;7
image4122.jpg;4
image4123.jpg;7
image4124.jpg;3
image4125.jpg;3
image4126.jpg;2
image4127.jpg;4
image4128.jpg;7
image4129.jpg;7
image4130.jpg;4
image4131.jpg;7
image4132.jpg;6
image4133.jpg;6
image4134.jpg;3
image4135.jpg;2
image4136.jpg;3
image4137.jpg;5
image4138.jpg;3
image4139.jpg;3
image4140.jpg;4
image4141.jpg;7
image4142.jpg;3
image4143.jpg;1
image4144.jpg;7
image4145.jpg;6
image4146.jpg;5
image4147.jpg;3
image4148.jpg;1
image4149.jpg;1
image4150.jpg;2
image4151.jpg;3
image4152.jpg;5
image4153.jpg;1
image4154.jpg;5
image4155.jpg;4
image4156.jpg;5
image4157.jpg;1
image4158.jpg;7
image4159.jpg;4
image4160.jpg;1
image4161.jpg;3
image4162.jpg;6
image4163.jpg;3
image4164.jpg;2
image4165.jpg;4
image4166.jpg;1
image4167.jpg;3
image4168.jpg;2
image4169.jpg;1
image4170.jpg;6
image4171.jpg;7
image4172.jpg;4
image4173.jpg;5
image4174.jpg;3
image4175.jpg;2
image4176.jpg;2
image4177.jpg;2
image4178.jpg;4
image4179.jpg;1
image4180.jpg;2
image4181.jpg;7
image4182.jpg;7
image4183.jpg;3
image4184.jpg;5
image4185.jpg;7
image4186.jpg;3
image4187.jpg;5
image4188.jpg;3
image4189.jpg;3
image4190.jpg;6
image4191.jpg;4
image4192.jpg;6
image4193.jpg;1
image4194.jpg;6
image4195.jpg;7
image4196.jpg;2
image4197.jpg;7
image4198.jpg;3
image4199.jpg;3
image4200.jpg;1
image4201.jpg;4
image4202.jpg;1
image4203.jpg;4
image4204.jpg;6
image4205.jpg;7
image4206.jpg;1
image4207.jpg;1
image4208.jpg;4
image4209.jpg;1
image4210.jpg;4
image4211.jpg;1
image4212.jpg;4
image4213.jpg;2
image4214.jpg;6
image4215.jpg;5
image4216.jpg;3
image4217.jpg;3
image4218.jpg;2
image4219.jpg;3
image4220.jpg;2
image4221.jpg;5
image4222.jpg;3
image4223.jpg;3
image4224.jpg;6
image4225.jpg;6
image4226.jpg;6
image4227.jpg;6
image4228.jpg;4
image4229.jpg;3
image4230.jpg;7
image4231.jpg;6
image4232.jpg;2
image4233.jpg;3
image4234.jpg;5
image4235.jpg;4
image4236.jpg;2
image4237.jpg;7
image4238.jpg;3
image4239.jpg;2
image4240.jpg;3
image4241.jpg;7
image4242.jpg;5
image4243.jpg;7
image4244.jpg;7
image4245.jpg;1
image4246.jpg;1
image4247.jpg;3
image4248.jpg;7
image4249.jpg;6
image4250.jpg;3
image4251.jpg;5
image4252.jpg;3
image4253.jpg;7
image4254.jpg;2
image4255.jpg;7
image4256.jpg;4
image4257.jpg;4
image4258.jpg;7
image4259.jpg;3
image4260.jpg;3
image4261.jpg;4
image4262.jpg;3
image4263.jpg;1
image4264.jpg;6
image4265.jpg;7
image4266.jpg;3
image4267.jpg;2
image4268.jpg;7
image4269.jpg;1
image4270.jpg;3
image4271.jpg;1
image4272.jpg;5
image4273.jpg;3
image4274.jpg;6
image4275.jpg;3
image4276.jpg;7
image4277.jpg;1
image4278.jpg;7
image4279.jpg;5
image4280.jpg;1
image4281.jpg;5
image4282.jpg;1
image4283.jpg;1
image4284.jpg;7
image4285.jpg;3
image4286.jpg;3
image4287.jpg;3
image4288.jpg;7
image4289.jpg;3
image4290.jpg;1
image4291.jpg;3
image4292.jpg;4
image4293.jpg;3
image4294.jpg;2
image4295.jpg;2
image4296.jpg;4
image4297.jpg;1
image4298.jpg;3
image4299.jpg;7
image4300.jpg;2
image4301.jpg;7
image4302.jpg;2
image4303.jpg;2
image4304.jpg;6
image4305.jpg;4
image4306.jpg;1
image4307.jpg;4
image4308.jpg;5
image4309.jpg;4
image4310.jpg;4
image4311.jpg;7
image4312.jpg;7
image4313.jpg;2
image4314.jpg;3
image4315.jpg;2
image4316.jpg;1
image4317.jpg;7
image4318.jpg;4
image4319.jpg;2
image4320.jpg;2
image4321.jpg;7
image4322.jpg;7
image4323.jpg;4
image4324.jpg;2
image4325.jpg;1
image4326.jpg;1
image4327.jpg;5
image4328.jpg;5
image4329.jpg;3
image4330.jpg;6
image4331.jpg;3
image4332.jpg;4
image4333.jpg;5
image4334.jpg;5
image4335.jpg;1
image4336.jpg;3
image4337.jpg;4
image4338.jpg;6
image4339.jpg;2
image4340.jpg;2
image4341.jpg;7
image4342.jpg;1
image4343.jpg;6
image4344.jpg;4
image4345.jpg;1
image4346.jpg;3
image4347.jpg;3
image4348.jpg;1
image4349.jpg;7
image4350.jpg;2
image4351.jpg;5
image4352.jpg;7
image4353.jpg;3
image4354.jpg;4
image4355.jpg;4
image4356.jpg;1
image4357.jpg;7
image4358.jpg;7
image4359.jpg;1
image4360.jpg;6
image4361.jpg;3
image4362.jpg;1
image4363.jpg;3
image4364.jpg;5
image4365.jpg;6
image4366.jpg;5
image4367.jpg;7
image4368.jpg;3
image4369.jpg;4
image4370.jpg;3
image4371.jpg;5
image4372.jpg;5
image4373.jpg;5
image4374.jpg;1
image4375.jpg;7
image4376.jpg;7
image4377.jpg;1
image4378.jpg;5
image4379.jpg;3
image4380.jpg;1
image4381.jpg;6
image4382.jpg;3
image4383.jpg;3
image4384.jpg;3
image4385.jpg;5
image4386.jpg;3
image4387.jpg;2
image4388.jpg;1
image4389.jpg;3
image4390.jpg;3
image4391.jpg;7
image4392.jpg;3
image4393.jpg;4
image4394.jpg;4
image4395.jpg;6
image4396.jpg;5
image4397.jpg;7
image4398.jpg;3
image4399.jpg;1
image4400.jpg;7
image4401.jpg;7
image4402.jpg;6
image4403.jpg;3
image4404.jpg;5
image4405.jpg;3
image4406.jpg;2
image4407.jpg;5
image4408.jpg;7
image4409.jpg;7
image4410.jpg;3
image4411.jpg;1
image4412.jpg;3
image4413.jpg;7
image4414.jpg;2
image4415.jpg;5
image4416.jpg;7
image4417.jpg;2
image4418.jpg;5
image4419.jpg;7
image4420.jpg;7
image4421.jpg;7
image4422.jpg;5
image4423.jpg;3
image4424.jpg;7
image4425.jpg;3
image4426.jpg;3
image4427.jpg;4
image4428.jpg;1
image4429.jpg;2
image4430.jpg;2
image4431.jpg;3
image4432.jpg;7
image4433.jpg;6
image4434.jpg;6
image4435.jpg;6
image4436.jpg;5
image4437.jpg;2
image4438.jpg;7
image4439.jpg;3
image4440.jpg;7
image4441.jpg;1
image4442.jpg;7
image4443.jpg;5
image4444.jpg;1
image4445.jpg;1
image4446.jpg;3
image4447.jpg;3
image4448.jpg;1
image4449.jpg;1
image4450.jpg;4
image4451.jpg;7
image4452.jpg;1
image4453.jpg;2
image4454.jpg;1
image4455.jpg;4
image4456.jpg;4
image4457.jpg;3
image4458.jpg;7
image4459.jpg;3
image4460.jpg;7
image4461.jpg;7
image4462.jpg;7
image4463.jpg;1
image4464.jpg;3
image4465.jpg;4
image4466.jpg;3
image4467.jpg;6
image4468.jpg;7
image4469.jpg;2
image4470.jpg;7
image4471.jpg;2
image4472.jpg;4
image4473.jpg;5
image4474.jpg;2
image4475.jpg;6
image4476.jpg;6
image4477.jpg;3
image4478.jpg;6
image4479.jpg;5
image4480.jpg;7
image4481.jpg;3
image4482.jpg;3
image4483.jpg;6
image4484.jpg;3
image4485.jpg;5
image4486.jpg;5
image4487.jpg;3
image4488.jpg;2
image4489.jpg;5
image4490.jpg;1
image4491.jpg;7
image4492.jpg;5
image4493.jpg;4
image4494.jpg;5
image4495.jpg;4
image4496.jpg;6
image4497.jpg;2
image4498.jpg;3
image4499.jpg;6
image4500.jpg;4
image4501.jpg;7
image4502.jpg;5
image4503.jpg;2
image4504.jpg;7
image4505.jpg;3
image4506.jpg;2
image4507.jpg;3
image4508.jpg;5
image4509.jpg;3
image4510.jpg;7
image4511.jpg;4
image4512.jpg;2
image4513.jpg;1
image4514.jpg;3
image4515.jpg;7
image4516.jpg;6
image4517.jpg;3
image4518.jpg;2
image4519.jpg;7
image4520.jpg;7
image4521.jpg;3
image4522.jpg;6
image4523.jpg;3
image4524.jpg;2
image4525.jpg;6
image4526.jpg;2
image4527.jpg;2
image4528.jpg;1
image4529.jpg;6
image4530.jpg;5
image4531.jpg;1
image4532.jpg;4
image4533.jpg;4
image4534.jpg;2
image4535.jpg;7
image4536.jpg;1
image4537.jpg;2
image4538.jpg;1
image4539.jpg;6
image4540.jpg;3
image4541.jpg;1
image4542.jpg;7
image4543.jpg;7
image4544.jpg;1
image4545.jpg;7
image4546.jpg;7
image4547.jpg;6
image4548.jpg;1
image4549.jpg;5
image4550.jpg;3
image4551.jpg;7
image4552.jpg;4
image4553.jpg;3
image4554.jpg;1
image4555.jpg;4
image4556.jpg;4
image4557.jpg;1
image4558.jpg;5
image4559.jpg;2
image4560.jpg;7
image4561.jpg;3
image4562.jpg;2
image4563.jpg;2
image4564.jpg;1
image4565.jpg;6
image4566.jpg;3
image4567.jpg;7
image4568.jpg;2
image4569.jpg;7
image4570.jpg;6
image4571.jpg;3
image4572.jpg;7
image4573.jpg;3
image4574.jpg;1
image4575.jpg;3
image4576.jpg;4
image4577.jpg;3
image4578.jpg;7
image4579.jpg;7
image4580.jpg;5
image4581.jpg;3
image4582.jpg;3
image4583.jpg;3
image4584.jpg;4
image4585.jpg;1
image4586.jpg;3
image4587.jpg;3
image4588.jpg;4
image4589.jpg;1
image4590.jpg;7
image4591.jpg;5
image4592.jpg;3
image4593.jpg;7
image4594.jpg;5
image4595.jpg;2
image4596.jpg;3
image4597.jpg;7
image4598.jpg;4
image4599.jpg;4
image4600.jpg;2
image4601.jpg;4
image4602.jpg;4
image4603.jpg;3
image4604.jpg;6
image4605.jpg;2
image4606.jpg;5
image4607.jpg;3
image4608.jpg;3
image4609.jpg;7
image4610.jpg;7
image4611.jpg;3
image4612.jpg;2
image4613.jpg;3
image4614.jpg;7
image4615.jpg;7
image4616.jpg;4
image4617.jpg;1
image4618.jpg;4
image4619.jpg;1
image4620.jpg;3
image4621.jpg;4
image4622.jpg;3
image4623.jpg;1
image4624.jpg;6
image4625.jpg;2
image4626.jpg;7
image4627.jpg;2
image4628.jpg;2
image4629.jpg;7
image4630.jpg;3
image4631.jpg;6
image4632.jpg;2
image4633.jpg;7
image4634.jpg;2
image4635.jpg;6
image4636.jpg;1
image4637.jpg;2
image4638.jpg;4
image4639.jpg;3
image4640.jpg;3
image4641.jpg;6
image4642.jpg;6
image4643.jpg;4
image4644.jpg;4
image4645.jpg;2
image4646.jpg;6
image4647.jpg;3
image4648.jpg;3
image4649.jpg;3
image4650.jpg;2
image4651.jpg;3
image4652.jpg;3
image4653.jpg;2
image4654.jpg;2
image4655.jpg;7
image4656.jpg;4
image4657.jpg;7
image4658.jpg;5
image4659.jpg;3
image4660.jpg;2
image4661.jpg;5
image4662.jpg;2
image4663.jpg;4
image4664.jpg;3
image4665.jpg;5
image4666.jpg;3
image4667.jpg;5
image4668.jpg;3
image4669.jpg;3
image4670.jpg;5
image4671.jpg;1
image4672.jpg;2
image4673.jpg;4
image4674.jpg;3
image4675.jpg;2
image4676.jpg;6
image4677.jpg;5
image4678.jpg;4
image4679.jpg;3
image4680.jpg;3
image4681.jpg;1
image4682.jpg;3
image4683.jpg;5
image4684.jpg;3
image4685.jpg;1
image4686.jpg;1
image4687.jpg;2
image4688.jpg;2
image4689.jpg;7
image4690.jpg;6
image4691.jpg;6
image4692.jpg;2
image4693.jpg;2
image4694.jpg;7
image4695.jpg;2
image4696.jpg;5
image4697.jpg;3
image4698.jpg;3
image4699.jpg;3
image4700.jpg;1
image4701.jpg;5
image4702.jpg;3
image4703.jpg;1
image4704.jpg;5
image4705.jpg;7
image4706.jpg;6
image4707.jpg;2
image4708.jpg;5
image4709.jpg;3
image4710.jpg;3
image4711.jpg;4
image4712.jpg;3
image4713.jpg;3
image4714.jpg;3
image4715.jpg;7
image4716.jpg;1
image4717.jpg;3
image4718.jpg;3
image4719.jpg;1
image4720.jpg;2
image4721.jpg;2
image4722.jpg;3
image4723.jpg;2
image4724.jpg;7
image4725.jpg;1
image4726.jpg;2
image4727.jpg;5
image4728.jpg;7
image4729.jpg;4
image4730.jpg;3
image4731.jpg;3
image4732.jpg;3
image4733.jpg;1
image4734.jpg;4
image4735.jpg;2
image4736.jpg;2
image4737.jpg;7
image4738.jpg;6
image4739.jpg;2
image4740.jpg;3
image4741.jpg;2
image4742.jpg;5
image4743.jpg;2
image4744.jpg;1
image4745.jpg;4
image4746.jpg;4
image4747.jpg;3
image4748.jpg;3
image4749.jpg;1
image4750.jpg;3
image4751.jpg;1
image4752.jpg;4
image4753.jpg;7
image4754.jpg;7
image4755.jpg;7
image4756.jpg;4
image4757.jpg;7
image4758.jpg;1
image4759.jpg;3
image4760.jpg;7
image4761.jpg;7
image4762.jpg;6
image4763.jpg;4
image4764.jpg;3
image4765.jpg;3
image4766.jpg;7
image4767.jpg;1
image4768.jpg;4
image4769.jpg;3
image4770.jpg;3
image4771.jpg;3
image4772.jpg;3
image4773.jpg;7
image4774.jpg;6
image4775.jpg;2
image4776.jpg;3
image4777.jpg;6
image4778.jpg;2
image4779.jpg;7
image4780.jpg;3
image4781.jpg;4
image4782.jpg;7
image4783.jpg;6
image4784.jpg;2
image4785.jpg;7
image4786.jpg;7
image4787.jpg;3
image4788.jpg;7
image4789.jpg;1
image4790.jpg;5
image4791.jpg;3
image4792.jpg;7
image4793.jpg;4
image4794.jpg;2
image4795.jpg;2
image4796.jpg;7
image4797.jpg;3
image4798.jpg;7
image4799.jpg;3
image4800.jpg;1
image4801.jpg;2
image4802.jpg;1
image4803.jpg;3
image4804.jpg;5
image4805.jpg;3
image4806.jpg;3
image4807.jpg;7
image4808.jpg;7
image4809.jpg;7
image4810.jpg;5
image4811.jpg;3
image4812.jpg;3
image4813.jpg;5
image4814.jpg;5
image4815.jpg;3
image4816.jpg;1
image4817.jpg;3
image4818.jpg;5
image4819.jpg;3
image4820.jpg;2
image4821.jpg;5
image4822.jpg;1
image4823.jpg;7
image4824.jpg;6
image4825.jpg;5
image4826.jpg;3
image4827.jpg;7
image4828.jpg;1
image4829.jpg;2
image4830.jpg;2
image4831.jpg;2
image4832.jpg;3
image4833.jpg;3
image4834.jpg;7
image4835.jpg;3
image4836.jpg;3
image4837.jpg;7
image4838.jpg;2
image4839.jpg;5
image4840.jpg;3
image4841.jpg;2
image4842.jpg;2
image4843.jpg;7
image4844.jpg;3
image4845.jpg;3
image4846.jpg;3
image4847.jpg;6
image4848.jpg;5
image4849.jpg;4
image4850.jpg;3
image4851.jpg;2
image4852.jpg;7
image4853.jpg;5
image4854.jpg;4
image4855.jpg;3
image4856.jpg;3
image4857.jpg;7
image4858.jpg;7
image4859.jpg;3
image4860.jpg;3
image4861.jpg;5
image4862.jpg;1
image4863.jpg;4
image4864.jpg;6
image4865.jpg;2
image4866.jpg;3
image4867.jpg;4
image4868.jpg;3
image4869.jpg;3
image4870.jpg;5
image4871.jpg;2
image4872.jpg;7
image4873.jpg;3
image4874.jpg;3
image4875.jpg;4
image4876.jpg;3
image4877.jpg;3
image4878.jpg;7
image4879.jpg;3
image4880.jpg;1
image4881.jpg;1
image4882.jpg;3
image4883.jpg;7
image4884.jpg;4
image4885.jpg;4
image4886.jpg;7
image4887.jpg;4
image4888.jpg;7
image4889.jpg;3
image4890.jpg;5
image4891.jpg;3
image4892.jpg;5
image4893.jpg;2
image4894.jpg;5
image4895.jpg;5
image4896.jpg;1
image4897.jpg;6
image4898.jpg;2
image4899.jpg;5
image4900.jpg;5
image4901.jpg;1
image4902.jpg;1
image4903.jpg;4
image4904.jpg;1
image4905.jpg;3
image4906.jpg;3
image4907.jpg;3
image4908.jpg;6
image4909.jpg;5
image4910.jpg;5
image4911.jpg;2
image4912.jpg;2
image4913.jpg;2
image4914.jpg;7
image4915.jpg;2
image4916.jpg;4
image4917.jpg;2
image4918.jpg;6
image4919.jpg;3
image4920.jpg;2
image4921.jpg;3
image4922.jpg;3
image4923.jpg;3
image4924.jpg;2
image4925.jpg;6
image4926.jpg;5
image4927.jpg;2
image4928.jpg;3
image4929.jpg;5
image4930.jpg;1
image4931.jpg;2
image4932.jpg;7
image4933.jpg;7
image4934.jpg;3
image4935.jpg;3
image4936.jpg;3
image4937.jpg;7
image4938.jpg;5
image4939.jpg;7
image4940.jpg;4
image4941.jpg;5
image4942.jpg;2
image4943.jpg;1
image4944.jpg;3
image4945.jpg;7
image4946.jpg;3
image4947.jpg;7
image4948.jpg;1
image4949.jpg;5
image4950.jpg;3
image4951.jpg;7
image4952.jpg;7
image4953.jpg;7
image4954.jpg;3
image4955.jpg;2
image4956.jpg;2
image4957.jpg;5
image4958.jpg;4
image4959.jpg;6
image4960.jpg;7
image4961.jpg;6
image4962.jpg;2
image4963.jpg;1
image4964.jpg;3
image4965.jpg;3
image4966.jpg;5
image4967.jpg;2
image4968.jpg;7
image4969.jpg;1
image4970.jpg;3
image4971.jpg;1
image4972.jpg;7
image4973.jpg;3
image4974.jpg;3
image4975.jpg;3
image4976.jpg;5
image4977.jpg;3
image4978.jpg;1
image4979.jpg;7
image4980.jpg;5
image4981.jpg;7
image4982.jpg;5
image4983.jpg;3
image4984.jpg;5
image4985.jpg;7
image4986.jpg;3
image4987.jpg;6
image4988.jpg;4
image4989.jpg;6
image4990.jpg;4
image4991.jpg;7
image4992.jpg;3
image4993.jpg;2
image4994.jpg;7
image4995.jpg;6
image4996.jpg;3
image4997.jpg;5
image4998.jpg;3
image4999.jpg;5
image5000.jpg;7
image5001.jpg;1
image5002.jpg;3
image5003.jpg;3
image5004.jpg;7
image5005.jpg;1
image5006.jpg;6
image5007.jpg;3
image5008.jpg;6
image5009.jpg;7
image5010.jpg;3
image5011.jpg;1
image5012.jpg;4
image5013.jpg;7
image5014.jpg;3
image5015.jpg;2
image5016.jpg;1
image5017.jpg;4
image5018.jpg;5
image5019.jpg;3
image5020.jpg;7
image5021.jpg;4
image5022.jpg;5
image5023.jpg;4
image5024.jpg;7
image5025.jpg;5
image5026.jpg;5
image5027.jpg;3
image5028.jpg;6
image5029.jpg;2
image5030.jpg;3
image5031.jpg;7
image5032.jpg;4
image5033.jpg;6
image5034.jpg;3
image5035.jpg;1
image5036.jpg;6
image5037.jpg;2
image5038.jpg;6
image5039.jpg;7
image5040.jpg;3
image5041.jpg;2
image5042.jpg;3
image5043.jpg;1
image5044.jpg;6
image5045.jpg;2
image5046.jpg;2
image5047.jpg;5
image5048.jpg;5
image5049.jpg;3
image5050.jpg;7
image5051.jpg;4
image5052.jpg;5
image5053.jpg;6
image5054.jpg;3
image5055.jpg;3
image5056.jpg;4
image5057.jpg;2
image5058.jpg;3
image5059.jpg;5
image5060.jpg;1
image5061.jpg;3
image5062.jpg;3
image5063.jpg;4
image5064.jpg;5
image5065.jpg;2
image5066.jpg;7
image5067.jpg;6
image5068.jpg;7
image5069.jpg;3
image5070.jpg;1
image5071.jpg;6
image5072.jpg;5
image5073.jpg;3
image5074.jpg;7
image5075.jpg;3
image5076.jpg;1
image5077.jpg;7
image5078.jpg;4
image5079.jpg;7
image5080.jpg;3
image5081.jpg;5
image5082.jpg;3
image5083.jpg;5
image5084.jpg;7
image5085.jpg;7
image5086.jpg;4
image5087.jpg;4
image5088.jpg;4
image5089.jpg;7
image5090.jpg;2
image5091.jpg;7
image5092.jpg;3
image5093.jpg;3
image5094.jpg;2
image5095.jpg;3
image5096.jpg;2
image5097.jpg;3
image5098.jpg;3
image5099.jpg;4
image5100.jpg;3
image5101.jpg;1
image5102.jpg;3
image5103.jpg;2
image5104.jpg;1
image5105.jpg;4
image5106.jpg;7
image5107.jpg;1
image5108.jpg;1
image5109.jpg;1
image5110.jpg;3
image5111.jpg;7
image5112.jpg;3
image5113.jpg;7
image5114.jpg;4
image5115.jpg;3
image5116.jpg;7
image5117.jpg;7
image5118.jpg;2
image5119.jpg;7
image5120.jpg;3
image5121.jpg;7
image5122.jpg;4
image5123.jpg;7
image5124.jpg;3
image5125.jpg;1
image5126.jpg;7
image5127.jpg;1
image5128.jpg;5
image5129.jpg;5
image5130.jpg;4
image5131.jpg;7
image5132.jpg;3
image5133.jpg;3
image5134.jpg;2
image5135.jpg;7
image5136.jpg;7
image5137.jpg;4
image5138.jpg;4
image5139.jpg;3
image5140.jpg;6
image5141.jpg;2
image5142.jpg;1
image5143.jpg;5
image5144.jpg;6
image5145.jpg;2
image5146.jpg;3
image5147.jpg;3
image5148.jpg;7
image5149.jpg;7
image5150.jpg;7
image5151.jpg;5
image5152.jpg;3
image5153.jpg;6
image5154.jpg;3
image5155.jpg;7
image5156.jpg;6
image5157.jpg;5
image5158.jpg;4
image5159.jpg;5
image5160.jpg;3
image5161.jpg;2
image5162.jpg;2
image5163.jpg;7
image5164.jpg;1
image5165.jpg;3
image5166.jpg;3
image5167.jpg;1
image5168.jpg;7
image5169.jpg;1
image5170.jpg;6
image5171.jpg;2
image5172.jpg;3
image5173.jpg;3
image5174.jpg;7
image5175.jpg;5
image5176.jpg;3
image5177.jpg;5
image5178.jpg;7
image5179.jpg;3
image5180.jpg;3
image5181.jpg;3
image5182.jpg;4
image5183.jpg;7
image5184.jpg;2
image5185.jpg;3
image5186.jpg;3
image5187.jpg;5
image5188.jpg;1
image5189.jpg;3
image5190.jpg;7
image5191.jpg;1
image5192.jpg;3
image5193.jpg;1
image5194.jpg;3
image5195.jpg;5
image5196.jpg;5
image5197.jpg;6
image5198.jpg;1
image5199.jpg;3
image5200.jpg;7
image5201.jpg;6
image5202.jpg;1
image5203.jpg;6
image5204.jpg;2
image5205.jpg;3
image5206.jpg;2
image5207.jpg;6
image5208.jpg;5
image5209.jpg;5
image5210.jpg;1
image5211.jpg;3
image5212.jpg;7
image5213.jpg;6
image5214.jpg;3
image5215.jpg;7
image5216.jpg;4
image5217.jpg;4
image5218.jpg;3
image5219.jpg;4
image5220.jpg;2
image5221.jpg;7
image5222.jpg;7
image5223.jpg;7
image5224.jpg;7
image5225.jpg;6
image5226.jpg;5
image5227.jpg;4
image5228.jpg;3
image5229.jpg;7
image5230.jpg;2
image5231.jpg;3
image5232.jpg;2
image5233.jpg;6
image5234.jpg;3
image5235.jpg;7
image5236.jpg;3
image5237.jpg;4
image5238.jpg;5
image5239.jpg;4
image5240.jpg;3
image5241.jpg;3
image5242.jpg;2
image5243.jpg;3
image5244.jpg;5
image5245.jpg;1
image5246.jpg;1
image5247.jpg;1
image5248.jpg;2
image5249.jpg;7
image5250.jpg;2
image5251.jpg;3
image5252.jpg;3
image5253.jpg;2
image5254.jpg;3
image5255.jpg;2
image5256.jpg;3
image5257.jpg;3
image5258.jpg;3
image5259.jpg;4
image5260.jpg;5
image5261.jpg;2
image5262.jpg;4
image5263.jpg;3
image5264.jpg;7
image5265.jpg;2
image5266.jpg;5
image5267.jpg;4
image5268.jpg;7
image5269.jpg;3
image5270.jpg;7
image5271.jpg;4
image5272.jpg;1
image5273.jpg;6
image5274.jpg;5
image5275.jpg;6
image5276.jpg;1
image5277.jpg;3
image5278.jpg;6
image5279.jpg;6
image5280.jpg;7
image5281.jpg;5
image5282.jpg;6
image5283.jpg;4
image5284.jpg;7
image5285.jpg;2
image5286.jpg;3
image5287.jpg;6
image5288.jpg;4
image5289.jpg;7
image5290.jpg;3
image5291.jpg;7
image5292.jpg;1
image5293.jpg;3
image5294.jpg;3
image5295.jpg;7
image5296.jpg;3
image5297.jpg;2
image5298.jpg;4
image5299.jpg;3
image5300.jpg;4
image5301.jpg;7
image5302.jpg;4
image5303.jpg;5
image5304.jpg;2
image5305.jpg;3
image5306.jpg;7
image5307.jpg;7
image5308.jpg;6
image5309.jpg;4
image5310.jpg;7
image5311.jpg;1
image5312.jpg;5
image5313.jpg;6
image5314.jpg;7
image5315.jpg;7
image5316.jpg;5
image5317.jpg;3
image5318.jpg;7
image5319.jpg;3
image5320.jpg;1
image5321.jpg;4
image5322.jpg;3
image5323.jpg;2
image5324.jpg;7
image5325.jpg;7
image5326.jpg;1
image5327.jpg;4
image5328.jpg;3
image5329.jpg;3
image5330.jpg;3
image5331.jpg;5
image5332.jpg;3
image5333.jpg;3
image5334.jpg;2
image5335.jpg;6
image5336.jpg;3
image5337.jpg;2
image5338.jpg;7
image5339.jpg;7
image5340.jpg;7
image5341.jpg;3
image5342.jpg;6
image5343.jpg;2
image5344.jpg;3
image5345.jpg;3
image5346.jpg;6
image5347.jpg;3
image5348.jpg;6
image5349.jpg;2
image5350.jpg;3
image5351.jpg;7
image5352.jpg;1
image5353.jpg;3
image5354.jpg;7
image5355.jpg;3
image5356.jpg;2
image5357.jpg;3
image5358.jpg;7
image5359.jpg;3
image5360.jpg;7
image5361.jpg;7
image5362.jpg;1
image5363.jpg;5
image5364.jpg;3
image5365.jpg;3
image5366.jpg;6
image5367.jpg;3
image5368.jpg;1
image5369.jpg;6
image5370.jpg;2
image5371.jpg;4
image5372.jpg;7
image5373.jpg;3
image5374.jpg;3
image5375.jpg;5
image5376.jpg;3
image5377.jpg;7
image5378.jpg;2
image5379.jpg;3
image5380.jpg;7
image5381.jpg;3
image5382.jpg;3
image5383.jpg;2
image5384.jpg;4
image5385.jpg;2
image5386.jpg;6
image5387.jpg;3
image5388.jpg;3
image5389.jpg;3
image5390.jpg;3
image5391.jpg;2
image5392.jpg;4
image5393.jpg;7
image5394.jpg;3
image5395.jpg;3
image5396.jpg;3
image5397.jpg;7
image5398.jpg;3
image5399.jpg;3
image5400.jpg;2
image5401.jpg;3
image5402.jpg;4
image5403.jpg;7
image5404.jpg;3
image5405.jpg;7
image5406.jpg;1
image5407.jpg;3
image5408.jpg;2
image5409.jpg;3
image5410.jpg;1
image5411.jpg;6
image5412.jpg;7
image5413.jpg;1
image5414.jpg;7
image5415.jpg;2
image5416.jpg;7
image5417.jpg;4
image5418.jpg;5
image5419.jpg;3
image5420.jpg;1
image5421.jpg;2
image5422.jpg;3
image5423.jpg;7
image5424.jpg;2
image5425.jpg;1
image5426.jpg;2
image5427.jpg;1
image5428.jpg;3
image5429.jpg;3
image5430.jpg;2
image5431.jpg;7
image5432.jpg;2
image5433.jpg;1
image5434.jpg;4
image5435.jpg;4
image5436.jpg;2
image5437.jpg;5
image5438.jpg;2
image5439.jpg;2
image5440.jpg;3
image5441.jpg;6
image5442.jpg;6
image5443.jpg;3
image5444.jpg;7
image5445.jpg;7
image5446.jpg;2
image5447.jpg;1
image5448.jpg;2
image5449.jpg;7
image5450.jpg;2
image5451.jpg;4
image5452.jpg;3
image5453.jpg;3
image5454.jpg;3
image5455.jpg;3
image5456.jpg;2
image5457.jpg;2
image5458.jpg;4
image5459.jpg;7
image5460.jpg;2
image5461.jpg;3
image5462.jpg;1
image5463.jpg;3
image5464.jpg;2
image5465.jpg;4
image5466.jpg;7
image5467.jpg;3
image5468.jpg;2
image5469.jpg;2
image5470.jpg;4
image5471.jpg;3
image5472.jpg;3
image5473.jpg;5
image5474.jpg;5
image5475.jpg;3
image5476.jpg;3
image5477.jpg;2
image5478.jpg;3
image5479.jpg;6
image5480.jpg;6
image5481.jpg;7
image5482.jpg;2
image5483.jpg;2
image5484.jpg;3
image5485.jpg;2
image5486.jpg;7
image5487.jpg;7
image5488.jpg;2
image5489.jpg;7
image5490.jpg;2
image5491.jpg;6
image5492.jpg;2
image5493.jpg;1
image5494.jpg;1
image5495.jpg;5
image5496.jpg;3
image5497.jpg;3
image5498.jpg;2
image5499.jpg;3
image5500.jpg;3
image5501.jpg;2
image5502.jpg;5
image5503.jpg;5
image5504.jpg;3
image5505.jpg;5
image5506.jpg;1
image5507.jpg;3
image5508.jpg;2
image5509.jpg;2
image5510.jpg;6
image5511.jpg;2
image5512.jpg;5
image5513.jpg;3
image5514.jpg;1
image5515.jpg;3
image5516.jpg;7
image5517.jpg;4
image5518.jpg;6
image5519.jpg;2
image5520.jpg;3
image5521.jpg;2
image5522.jpg;4
image5523.jpg;7
image5524.jpg;7
image5525.jpg;7
image5526.jpg;6
image5527.jpg;3
image5528.jpg;3
image5529.jpg;3
image5530.jpg;6
image5531.jpg;6
image5532.jpg;6
image5533.jpg;7
image5534.jpg;3
image5535.jpg;2
image5536.jpg;1
image5537.jpg;7
image5538.jpg;5
image5539.jpg;1
image5540.jpg;7
image5541.jpg;3
image5542.jpg;7
image5543.jpg;4
image5544.jpg;1
image5545.jpg;3
image5546.jpg;3
image5547.jpg;7
image5548.jpg;7
image5549.jpg;4
image5550.jpg;7
image5551.jpg;7
image5552.jpg;4
image5553.jpg;7
image5554.jpg;3
image5555.jpg;1
image5556.jpg;2
image5557.jpg;2
image5558.jpg;3
image5559.jpg;6
image5560.jpg;2
image5561.jpg;4
image5562.jpg;6
image5563.jpg;3
image5564.jpg;3
image5565.jpg;3
image5566.jpg;4
image5567.jpg;1
image5568.jpg;4
image5569.jpg;3
image5570.jpg;3
image5571.jpg;4
image5572.jpg;7
image5573.jpg;3
image5574.jpg;7
image5575.jpg;2
image5576.jpg;1
image5577.jpg;3
image5578.jpg;7
image5579.jpg;1
image5580.jpg;3
image5581.jpg;3
image5582.jpg;2
image5583.jpg;7
image5584.jpg;3
image5585.jpg;5
image5586.jpg;7
image5587.jpg;3
image5588.jpg;4
image5589.jpg;3
image5590.jpg;3
image5591.jpg;7
image5592.jpg;2
image5593.jpg;2
image5594.jpg;2
image5595.jpg;7
image5596.jpg;7
image5597.jpg;6
image5598.jpg;6
image5599.jpg;2
image5600.jpg;2
image5601.jpg;3
image5602.jpg;3
image5603.jpg;2
image5604.jpg;3
image5605.jpg;7
image5606.jpg;3
image5607.jpg;3
image5608.jpg;1
image5609.jpg;2
image5610.jpg;7
image5611.jpg;3
image5612.jpg;5
image5613.jpg;7
image5614.jpg;3
image5615.jpg;4
image5616.jpg;7
image5617.jpg;7
image5618.jpg;4
image5619.jpg;4
image5620.jpg;5
image5621.jpg;1
image5622.jpg;7
image5623.jpg;7
image5624.jpg;7
image5625.jpg;1
image5626.jpg;6
image5627.jpg;7
image5628.jpg;3
image5629.jpg;3
image5630.jpg;3
image5631.jpg;3
image5632.jpg;3
image5633.jpg;3
image5634.jpg;4
image5635.jpg;6
image5636.jpg;7
image5637.jpg;7
image5638.jpg;1
image5639.jpg;3
image5640.jpg;7
image5641.jpg;5
image5642.jpg;2
image5643.jpg;3
image5644.jpg;6
image5645.jpg;5
image5646.jpg;5
image5647.jpg;2
image5648.jpg;6
image5649.jpg;4
image5650.jpg;7
image5651.jpg;7
image5652.jpg;5
image5653.jpg;2
image5654.jpg;7
image5655.jpg;5
image5656.jpg;5
image5657.jpg;1
image5658.jpg;7
image5659.jpg;2
image5660.jpg;3
image5661.jpg;2
image5662.jpg;2
image5663.jpg;5
image5664.jpg;4
image5665.jpg;2
image5666.jpg;3
image5667.jpg;7
image5668.jpg;6
image5669.jpg;7
image5670.jpg;2
image5671.jpg;2
image5672.jpg;3
image5673.jpg;3
image5674.jpg;7
image5675.jpg;7
image5676.jpg;2
image5677.jpg;5
image5678.jpg;1
image5679.jpg;1
image5680.jpg;7
image5681.jpg;7
image5682.jpg;5
image5683.jpg;6
image5684.jpg;6
image5685.jpg;1
image5686.jpg;5
image5687.jpg;7
image5688.jpg;3
image5689.jpg;1
image5690.jpg;3
image5691.jpg;2
image5692.jpg;7
image5693.jpg;6
image5694.jpg;4
image5695.jpg;7
image5696.jpg;6
image5697.jpg;4
image5698.jpg;2
image5699.jpg;7
image5700.jpg;5
image5701.jpg;2
image5702.jpg;2
image5703.jpg;3
image5704.jpg;5
image5705.jpg;5
image5706.jpg;1
image5707.jpg;3
image5708.jpg;1
image5709.jpg;3
image5710.jpg;7
image5711.jpg;5
image5712.jpg;3
image5713.jpg;5
image5714.jpg;6
image5715.jpg;4
image5716.jpg;7
image5717.jpg;5
image5718.jpg;5
image5719.jpg;3
image5720.jpg;7
image5721.jpg;6
image5722.jpg;7
image5723.jpg;7
image5724.jpg;5
image5725.jpg;2
image5726.jpg;7
image5727.jpg;2
image5728.jpg;3
image5729.jpg;7
image5730.jpg;2
image5731.jpg;5
image5732.jpg;3
image5733.jpg;6
image5734.jpg;3
image5735.jpg;2
image5736.jpg;6
image5737.jpg;2
image5738.jpg;3
